DATE,Q [m3/s],depth to water level[ft],gw_elev[ft],PRCP,RCH[m3/s],RCH[m/day]
2017-02-02,0.024998358,4.74,1249.76,0.0,0.0342975625,0.0006400234999999999
2017-02-03,0.024998358,4.98,1249.52,0.0,0.0330364365,0.0006164895
2017-02-04,0.024998358,5.2,1249.3,0.0,0.031798102499999994,0.0005933815
2017-02-05,0.023768541,5.49,1249.01,0.0,0.031573538,0.0005891905
2017-02-06,0.023768541,5.73,1248.77,0.0,0.0307946165,0.0005746555
2017-02-07,0.022575238,5.98,1248.52,0.0,0.031074626,0.0005798805
2017-02-08,0.022575238,6.27,1248.23,0.0,0.029975947,0.0005593785000000001
2017-02-09,0.022575238,6.52,1247.98,0.0,0.029819944,0.0005564669999999999
2017-02-10,0.021996672000000002,6.75,1247.75,0.0,0.0297264135,0.0005547214999999999
2017-02-11,0.021418106,6.96,1247.54,0.0,0.0298742755,0.0005574810000000001
2017-02-12,0.022575238,6.98,1247.52,0.04,0.032670135,0.0006096545
2017-02-13,0.024998358,6.88,1247.62,0.0,0.0295514275,0.0005514565
2017-02-14,0.030289424,6.53,1247.97,0.0,0.029393573,0.0005485105
2017-02-15,0.034657287,6.01,1248.49,0.0,0.02923008,0.00054546
2017-02-16,0.030289424,5.9,1248.6,0.0,0.0290841355,0.000542736
2017-02-17,0.028910225,5.82,1248.68,0.0,0.028935959,0.000539971
2017-02-18,0.057757171,4.91,1249.59,0.0,0.028764467000000002,0.0005367715000000001
2017-02-19,0.074349252,3.96,1250.54,0.0,0.0285544065,0.000532851
2017-02-20,0.10768428199999999,2.72,1251.78,0.81,0.10333038800000001,0.0019282384999999998
2017-02-21,0.266960177,1.98,1252.52,0.0,0.06905102699999999,0.0012885549999999998
2017-02-22,0.150286126,2.3,1252.2,0.0,0.044534937999999996,0.000831062
2017-02-23,0.098996914,2.46,1252.04,0.33,0.0396655005,0.0007401945
2017-02-24,0.080428913,2.54,1251.96,0.47,0.0383599825,0.0007158325
2017-02-25,0.059826635,2.59,1251.91,0.0,0.0366470995,0.0006838685
2017-02-26,0.048048256,2.63,1251.87,0.0,0.035347044,0.0006596075
2017-02-27,0.0453447445,2.68,1251.82,0.0,0.035332903,0.000659344
2017-02-28,0.046232173,2.54,1251.96,0.0,0.04970194,0.0009274835
2017-03-01,0.044457316,2.43,1252.07,0.12,0.0358871885,0.0006696875
2017-03-02,0.044457316,2.58,1251.92,0.0,0.0344071995,0.0006420695000000001
2017-03-03,0.044457316,2.65,1251.85,0.03,0.034221142999999996,0.0006385975
2017-03-04,0.048048256,2.65,1251.85,0.0,0.032919002,0.0006142985000000001
2017-03-05,0.048048256,2.52,1251.98,0.0,0.033295755499999996,0.000621329
2017-03-06,0.10619245299999999,1.87,1252.63,0.92,0.049616412,0.000925887
2017-03-07,0.266960177,1.77,1252.73,0.0,0.23162209649999999,0.0043222785
2017-03-08,0.186877012,2.09,1252.41,0.0,0.07629868549999999,0.0014238025
2017-03-09,0.132896482,2.28,1252.22,0.0,0.055778248,0.0010408725
2017-03-10,0.104724677,2.43,1252.07,0.0,0.0507279945,0.0009466305
2017-03-11,0.090759933,2.49,1252.01,0.0,0.0453682435,0.000846613
2017-03-12,0.080428913,2.55,1251.95,0.34,0.043426045499999996,0.0008103695
2017-03-13,0.07316043,2.59,1251.91,0.03,0.043344535000000003,0.000808848
2017-03-14,0.064095488,2.66,1251.84,0.0,0.040299979,0.0007520345
2017-03-15,0.059826635,2.69,1251.81,0.0,0.0401083255,0.0007484575000000001
2017-03-16,0.05374677,2.73,1251.77,0.0,0.0397944975,0.0007426015
2017-03-17,0.049905856,2.75,1251.75,0.0,0.0388099125,0.0007242285
2017-03-18,0.048048256,2.81,1251.69,0.0,0.036493999,0.000681011
2017-03-19,0.046232173,2.81,1251.69,0.0,0.036135524,0.0006743215
2017-03-20,0.044457316,2.83,1251.67,0.0,0.0357679155,0.000667462
2017-03-21,0.042723392,2.89,1251.61,0.0,0.035356936500000005,0.0006597924999999999
2017-03-22,0.042723392,2.96,1251.54,0.0,0.035059636500000005,0.0006542445
2017-03-23,0.036191046,2.97,1251.53,0.07,0.034817934499999995,0.000649734
2017-03-24,0.034657287,2.75,1251.75,0.74,0.082655161,0.00154242
2017-03-25,0.034657287,2.83,1251.67,0.09,0.0506571755,0.0009453085
2017-03-26,0.034657287,2.89,1251.61,0.0,0.045882452000000004,0.000856208
2017-03-27,0.031706795,3.0,1251.5,0.0,0.042720566,0.0007972045
2017-03-28,0.030289424,3.12,1251.38,0.0,0.039947984000000006,0.0007454655
2017-03-29,0.031706795,3.15,1251.35,0.46,0.038107688,0.0007111245
2017-03-30,0.033162641,2.77,1251.73,0.07,0.0662879365,0.001236993
2017-03-31,0.039377144,2.83,1251.67,0.0,0.050320265,0.0009390215
2017-04-01,0.048048256,2.87,1251.63,0.0,0.0461617485,0.00086142
2017-04-02,0.05374677,2.86,1251.64,0.08,0.044605357,0.000832376
2017-04-03,0.057757171,2.74,1251.76,0.3,0.076477712,0.0014271434999999998
2017-04-04,0.059826635,2.39,1252.11,0.28,0.0862080525,0.0016087204999999999
2017-04-05,0.098996914,2.51,1251.99,0.0,0.055510623499999995,0.0010358785
2017-04-06,0.0976005645,2.58,1251.92,0.0,0.0506822935,0.0009457775
2017-04-07,0.07796081,2.62,1251.88,0.0,0.0489105285,0.0009127149999999999
2017-04-08,0.069683489,2.65,1251.85,0.0,0.0445552465,0.0008314415
2017-04-09,0.068539364,2.7,1251.8,0.56,0.0434858515,0.000811485
2017-04-10,0.075538074,2.68,1251.82,0.03,0.099462476,0.00185606
2017-04-11,0.070827614,2.78,1251.72,0.0,0.0605272195,0.0011294925
2017-04-12,0.066295411,2.83,1251.67,0.12,0.052248996500000006,0.0009750135
2017-04-13,0.0630173995,2.71,1251.79,0.06,0.0567450605,0.001058914
2017-04-14,0.059826635,2.78,1251.72,0.4,0.0527389665,0.000984157
2017-04-15,0.059826635,2.63,1251.87,0.12,0.052901352,0.000987187
2017-04-16,0.064095488,2.73,1251.77,0.0,0.048292212,0.0009011765
2017-04-17,0.068539364,2.8,1251.7,0.0,0.0465807365,0.000869239
2017-04-18,0.070827614,2.82,1251.68,0.08,0.0448589865,0.0008371095
2017-04-19,0.070827614,2.7,1251.8,1.38,0.044508131,0.000830562
2017-04-20,0.21023316,1.97,1252.53,0.08,0.3594422015,0.006707517499999999
2017-04-21,0.184826799,2.24,1252.26,0.0,0.19198887650000002,0.0035826865
2017-04-22,0.14670685,2.38,1252.12,0.0,0.1219787455,0.002276234
2017-04-23,0.119885903,2.47,1252.03,0.0,0.0945086685,0.0017636175
2017-04-24,0.104724677,2.54,1251.96,0.0,0.0863676395,0.0016116985000000001
2017-04-25,0.090759933,2.59,1251.91,0.24,0.073828505,0.0013777070000000002
2017-04-26,0.082942612,2.64,1251.86,0.01,0.07454103100000001,0.0013910035
2017-04-27,0.075538074,2.71,1251.79,0.02,0.070943687,0.0013238734999999999
2017-04-28,0.069683489,2.78,1251.72,0.0,0.07003420099999999,0.0013069015
2017-04-29,0.066295411,2.83,1251.67,0.0,0.068915749,0.0012860305
2017-04-30,0.061939311,2.79,1251.71,0.79,0.067867549,0.00126647
2017-05-01,0.061939311,2.33,1252.17,0.23,0.34002616350000003,0.0063451965
2017-05-02,0.061939311,2.55,1251.95,0.0,0.107623105,0.002008345
2017-05-03,0.068539364,2.61,1251.89,0.0,0.0844116965,0.001575199
2017-05-04,0.07316043,2.65,1251.85,0.0,0.07631468799999999,0.0014241015
2017-05-05,0.07316043,2.69,1251.81,0.0,0.0716950075,0.0013378935
2017-05-06,0.068539364,2.76,1251.74,0.0,0.06644204349999999,0.0012398690000000002
2017-05-07,0.066295411,2.82,1251.68,0.0,0.062138074,0.0011595529999999998
2017-05-08,0.064095488,2.87,1251.63,0.08,0.058288659,0.001087719
2017-05-09,0.059826635,2.93,1251.57,0.0,0.056823662999999996,0.0010603815
2017-05-10,0.057757171,3.01,1251.49,0.01,0.0550514275,0.0010273094999999999
2017-05-11,0.054738706,3.11,1251.39,0.0,0.0538950795,0.0010057310000000002
2017-05-12,0.051805273,3.22,1251.28,0.0,0.050449776,0.0009414384999999999
2017-05-13,0.049905856,3.33,1251.17,0.0,0.04859358,0.0009068005
2017-05-14,0.048048256,3.45,1251.05,0.0,0.046664857500000004,0.0008708085
2017-05-15,0.046232173,3.55,1250.95,0.03,0.0448876835,0.0008376449999999999
2017-05-16,0.044457316,3.63,1250.87,0.09,0.0436920155,0.0008153325
2017-05-17,0.044457316,3.64,1250.86,1.04,0.0504164765,0.0009408169999999999
2017-05-18,0.042723392,3.64,1250.86,0.05,0.058410553000000004,0.001089994
2017-05-19,0.042723392,3.77,1250.73,0.01,0.0559479135,0.001044039
2017-05-20,0.044457316,3.74,1250.76,0.84,0.34468480749999997,0.006432131
2017-05-21,0.048048256,3.68,1250.82,0.0,0.114690981,0.0021402375000000003
2017-05-22,0.059826635,3.72,1250.78,0.14,0.0849150445,0.0015845920000000001
2017-05-23,0.068539364,3.61,1250.89,0.5,0.1577193365,0.002943186
2017-05-24,0.075538074,3.46,1251.04,0.0,0.0841040945,0.001569459
2017-05-25,0.090759933,3.41,1251.09,0.04,0.073214629,0.0013662515
2017-05-26,0.088107867,3.37,1251.13,0.0,0.0704544725,0.001314744
2017-05-27,0.080428913,3.39,1251.11,0.0,0.0685499825,0.001279205
2017-05-28,0.075538074,3.42,1251.08,0.0,0.065622023,0.0012245665
2017-05-29,0.070827614,3.49,1251.01,0.01,0.05893882,0.0010998520000000001
2017-05-30,0.064095488,3.56,1250.94,0.0,0.0542684885,0.0010126990000000002
2017-05-31,0.059826635,3.64,1250.86,0.0,0.0526390675,0.000982293
2017-06-01,0.057757171,3.73,1250.77,0.0,0.0491855865,0.0009178475
2017-06-02,0.05374677,3.82,1250.68,0.0,0.047029723999999995,0.000877617
2017-06-03,0.051805273,3.91,1250.59,0.06,0.044889117,0.000837672
2017-06-04,0.048048256,4.0,1250.5,0.0,0.043278430500000006,0.0008076145
2017-06-05,0.046232173,4.1,1250.4,0.0,0.0410887525,0.000766753
2017-06-06,0.044457316,4.21,1250.29,0.0,0.039147555,0.0007305289999999999
2017-06-07,0.042723392,4.33,1250.17,0.0,0.037301142499999995,0.000696073
2017-06-08,0.041030104,4.46,1250.04,0.0,0.0354270225,0.0006611
2017-06-09,0.039377144,4.61,1249.89,0.0,0.033930506,0.000633174
2017-06-10,0.039377144,4.78,1249.72,0.0,0.032538679,0.000607201
2017-06-11,0.039377144,4.97,1249.53,0.01,0.031277197,0.0005836605
2017-06-12,0.037764229,5.03,1249.47,1.41,0.0306288825,0.000571563
2017-06-13,0.046232173,5.0,1249.5,0.0,0.03243127,0.0006051965000000001
2017-06-14,0.044457316,5.16,1249.34,0.06,0.0315252825,0.0005882905
2017-06-15,0.042723392,5.29,1249.21,0.0,0.0310296455,0.0005790415
2017-06-16,0.042723392,5.42,1249.08,0.02,0.029991335,0.0005596654999999999
2017-06-17,0.041030104,5.57,1248.93,0.32,0.0293770565,0.0005482025
2017-06-18,0.041030104,5.72,1248.78,0.06,0.030409435,0.0005674675000000001
2017-06-19,0.041030104,5.9,1248.6,0.0,0.029857115,0.000557161
2017-06-20,0.041030104,6.07,1248.43,0.09,0.029200955,0.000544916
2017-06-21,0.039377144,6.24,1248.26,0.0,0.0285274155,0.0005323475
2017-06-22,0.049905856,6.17,1248.33,0.76,0.0278189645,0.0005191270000000001
2017-06-23,0.046232173,6.08,1248.42,0.0,0.028234316000000002,0.000526878
2017-06-24,0.042723392,6.32,1248.18,0.04,0.027507291500000003,0.000513311
2017-06-25,0.042723392,6.47,1248.03,0.0,0.027072516499999998,0.0005051974999999999
2017-06-26,0.042723392,6.63,1247.87,0.0,0.0266467735,0.000497253
2017-06-27,0.042723392,6.81,1247.69,0.0,0.0260516445,0.0004861475
2017-06-28,0.044457316,6.58,1247.92,0.59,0.030512644,0.0005693935
2017-06-29,0.180779474,3.97,1250.53,0.24,0.0310396815,0.000579229
2017-06-30,0.119885891,3.7,1250.8,0.05,0.0349602795,0.0006523905
2017-07-01,0.085502184,3.72,1250.78,0.0,0.033047293500000005,0.0006166925
2017-07-02,0.093458633,3.78,1250.72,0.0,0.030119417000000002,0.000562056
2017-07-03,0.085502184,3.86,1250.64,0.0,0.029300892,0.000546781
2017-07-04,0.080428904,3.95,1250.55,0.0,0.028553684500000003,0.000532838
2017-07-05,0.077960816,4.06,1250.44,0.0,0.0278279025,0.000519294
2017-07-06,0.066295411,4.19,1250.31,0.0,0.026856542,0.0005011675
2017-07-07,0.059826635,4.35,1250.15,0.0,0.026100418,0.0004870575
2017-07-08,0.05374677,4.52,1249.98,0.0,0.0253656985,0.00047334700000000005
2017-07-09,0.051805273,4.7,1249.8,0.18,0.0247890435,0.00046258599999999997
2017-07-10,0.046232173,4.9,1249.6,0.0,0.024971605,0.00046599300000000005
2017-07-11,0.042723392,5.14,1249.36,0.0,0.024708994499999998,0.00046109250000000003
2017-07-12,0.039377144,5.39,1249.11,0.0,0.02434095,0.0004542245
2017-07-13,0.037764229,5.67,1248.83,0.0,0.023942013999999998,0.00044677949999999997
2017-07-14,0.036191046,5.93,1248.57,0.0,0.023707717500000003,0.0004424075
2017-07-15,0.034657287,6.18,1248.32,0.0,0.023446692999999998,0.00043753650000000004
2017-07-16,0.032434718,6.45,1248.05,0.0,0.0230145375,0.00042947199999999997
2017-07-17,0.030289424,6.73,1247.77,0.0,0.0225695545,0.00042116850000000004
2017-07-18,0.030289424,7.0,1247.5,0.25,0.0221282525,0.00041293350000000005
2017-07-19,0.046232173,6.76,1247.74,1.23,0.022670418999999997,0.0004230505
2017-07-20,0.113675907,5.6,1248.9,0.01,0.0305963235,0.0005709549999999999
2017-07-21,0.085502178,5.68,1248.82,0.34,0.0329230755,0.0006143745
2017-07-22,0.069683489,5.76,1248.74,0.0,0.03539449,0.0006604930000000001
2017-07-23,0.064095488,6.0,1248.5,0.0,0.0325494405,0.0006074019999999999
2017-07-24,0.059826635,6.24,1248.26,0.0,0.030958162,0.0005777075
2017-07-25,0.057757171,6.21,1248.29,0.26,0.031373041,0.0005854495
2017-07-26,0.055730642,6.23,1248.27,0.08,0.033311495499999996,0.000621623
2017-07-27,0.054738706,6.44,1248.06,0.0,0.033959183,0.000633709
2017-07-28,0.05374677,6.69,1247.81,0.0,0.030952742499999998,0.000577606
2017-07-29,0.049905856,6.95,1247.55,0.0,0.029069289499999998,0.0005424595
2017-07-30,0.048048256,7.2,1247.3,0.0,0.027987091999999998,0.0005222645
2017-07-31,0.046232173,7.42,1247.08,0.0,0.0267726725,0.000499602
2017-08-01,0.044457316,7.65,1246.85,0.0,0.026007279,0.0004853195
2017-08-02,0.041030104,7.88,1246.62,0.0,0.025402704499999998,0.0004740375
2017-08-03,0.061939317,6.78,1247.72,2.01,0.2790296175,0.0052069460000000005
2017-08-04,0.051805266,5.87,1248.63,0.0,0.17753151550000001,0.0033128990000000002
2017-08-05,0.044457311,6.02,1248.48,0.0,0.070331195,0.0013124439999999999
2017-08-06,0.039377148,6.2,1248.3,0.07,0.06761273549999999,0.001261715
2017-08-07,0.037764234,6.41,1248.09,0.0,0.0451229045,0.000842034
2017-08-08,0.034657291,6.65,1247.85,0.0,0.041333178,0.0007713145
2017-08-09,0.033162636,6.9,1247.6,0.23,0.040657533499999995,0.0007587065
2017-08-10,0.03170679,7.16,1247.34,0.04,0.042722195000000004,0.0007972350000000001
2017-08-11,0.030289428,7.42,1247.08,0.0,0.0389929515,0.000727644
2017-08-12,0.028910228,7.69,1246.81,0.0,0.0365516325,0.0006820870000000001
2017-08-13,0.03170679,7.96,1246.54,0.0,0.0354341955,0.000661234
2017-08-14,0.033162636,8.2,1246.3,0.1,0.0351872305,0.0006566255
2017-08-15,0.033162636,8.42,1246.08,0.01,0.0346559955,0.000646712
2017-08-16,0.034657291,8.62,1245.88,1.02,0.034052173500000005,0.0006354445
2017-08-17,0.039377148,8.65,1245.85,0.08,0.1065556465,0.0019884250000000003
2017-08-18,0.041030099,8.84,1245.66,0.04,0.0514257385,0.000959651
2017-08-19,0.041030099,9.03,1245.47,0.0,0.0424598125,0.0007923385
2017-08-20,0.039377148,9.24,1245.26,0.0,0.039889161,0.000744368
2017-08-21,0.039377148,9.44,1245.06,0.52,0.039246171499999996,0.0007323695
2017-08-22,0.037764234,9.58,1244.92,0.0,0.0728325405,0.0013591215
2017-08-23,0.034657291,,,0.0,0.041719714000000005,0.0007785275
2017-08-24,0.033162636,,,0.0,0.0394819375,0.0007367685
2017-08-25,0.03170679,,,0.03,0.038908535,0.0007260685
2017-08-26,0.028910228,,,0.01,0.038296238499999996,0.0007146425
2017-08-27,0.027568869,,,0.01,0.037960637,0.00070838
2017-08-28,0.026265024,,,0.0,0.035955911,0.00067097
2017-08-29,0.024998354,,,0.0,0.035473937,0.000661976
2017-08-30,0.02376854,,,0.0,0.034862836,0.0006505725
2017-08-31,0.022575238,,,0.0,0.034294634000000004,0.000639969
2017-09-01,0.022575238,,,0.0,0.033829473,0.0006312885
2017-09-02,0.021418105,,,0.01,0.033311443,0.0006216215
2017-09-03,0.021418105,,,0.0,0.032186055500000005,0.000600621
2017-09-04,0.020296797,,,0.22,0.031077785,0.0005799395
2017-09-05,0.019210962,,,0.05,0.030770231000000002,0.0005742005
2017-09-06,0.019210962,,,0.0,0.0305423605,0.000569948
2017-09-07,0.01816024,,,0.0,0.03013871,0.0005624155
2017-09-08,0.01816024,,,0.0,0.029693133,0.000554101
2017-09-09,0.017144286,,,0.0,0.029250973,0.0005458494999999999
2017-09-10,0.017144286,,,0.0,0.0279156135,0.0005209304999999999
2017-09-11,0.016162729,,,0.0,0.027413342,0.0005115580000000001
2017-09-12,0.016162729,,,0.0,0.026925306500000003,0.0005024504999999999
2017-09-13,0.015215202,,,0.0,0.026472317500000002,0.0004939975
2017-09-14,0.015215202,,,0.0,0.0257855785,0.00048118200000000003
2017-09-15,0.014301328,,,0.0,0.0253165665,0.00047243000000000003
2017-09-16,0.014301328,,,0.37,0.026235161,0.000489572
2017-09-17,0.015215202,,,0.41,0.032218240499999995,0.0006012215
2017-09-18,0.014301328,,,0.41,0.031033689,0.000579117
2017-09-19,0.015215202,,,0.0,0.0442835485,0.0008263715
2017-09-20,0.015215202,,,0.0,0.03409553,0.0006362535
2017-09-21,0.014301328,,,0.0,0.0326581985,0.000609432
2017-09-22,0.014301328,,,0.0,0.0323145485,0.000603019
2017-09-23,0.014301328,,,0.0,0.030490034,0.0005689715
2017-09-24,0.013420734,,,0.0,0.0300298085,0.0005603835
2017-09-25,0.013420734,,,0.52,0.0296191795,0.0005527205
2017-09-26,0.013420734,,,0.18,0.106804656,0.0019930715
2017-09-27,0.012573034,,,0.0,0.0498378885,0.0009300205
2017-09-28,0.012573034,,,0.0,0.0376921165,0.000703369
2017-09-29,0.012573034,,,0.0,0.035444657000000004,0.0006614295
2017-09-30,0.012573034,,,0.0,0.0337318765,0.0006294675
2017-10-01,0.012573034,,,0.22,0.0331995435,0.0006195335
2017-10-02,0.012573034,,,0.14,0.040077565499999995,0.0007478840000000001
2017-10-03,0.012573034,,,0.3,0.0355637465,0.000663652
2017-10-04,0.012573034,,,0.0,0.062183719,0.0011604045
2017-10-05,0.011757838,,,0.67,0.0777599035,0.0014510705
2017-10-06,0.011757838,,,1.44,0.1318280135,0.0024600305
2017-10-07,0.051805273,8.47,1246.03,1.0,0.316604282,0.0059081229999999995
2017-10-08,0.11215989700000001,7.84,1246.66,0.0,0.3266367895,0.0060953385
2017-10-09,0.07796081,7.67,1246.83,0.0,0.16323831700000002,0.003046175
2017-10-10,0.068539364,7.56,1246.94,0.34,0.113630914,0.0021204559999999997
2017-10-11,0.059826635,7.5,1247.0,0.0,0.1085770815,0.002026147
2017-10-12,0.051805273,7.5,1247.0,0.0,0.1099697635,0.0020521355
2017-10-13,0.046232173,7.59,1246.91,0.08,0.10713246800000001,0.001999189
2017-10-14,0.042723392,7.67,1246.83,0.19,0.087489926,0.0016326415
2017-10-15,0.044457316,7.77,1246.73,0.04,0.08206495999999999,0.0015314065
2017-10-16,0.042723392,7.87,1246.63,0.0,0.0820133715,0.0015304440000000002
2017-10-17,0.039377144,8.0,1246.5,0.0,0.08147903349999999,0.0015204724999999999
2017-10-18,0.036191046,8.15,1246.35,0.0,0.0767712305,0.001432621
2017-10-19,0.031706795,8.33,1246.17,0.0,0.075758278,0.001413718
2017-10-20,0.030289424,8.48,1246.02,0.0,0.07132097849999999,0.0013309139999999999
2017-10-21,0.028910225,8.61,1245.89,0.39,0.070641594,0.0013182365
2017-10-22,0.028910225,8.34,1246.16,0.0,0.0801377125,0.0014954425
2017-10-23,0.028910225,8.36,1246.14,0.0,0.0725602575,0.0013540405
2017-10-24,0.031706795,8.31,1246.19,0.0,0.071950047,0.001342653
2017-10-25,0.033162641,8.19,1246.31,0.0,0.0713025535,0.0013305705
2017-10-26,0.031706795,8.09,1246.41,0.0,0.0705286435,0.0013161285
2017-10-27,0.031706795,8.02,1246.48,0.21,0.066993683,0.0012501629999999999
2017-10-28,0.030289424,8.01,1246.49,0.0,0.06671901,0.001245037
2017-10-29,0.028910225,8.0,1246.5,0.07,0.0663219135,0.0012376269999999998
2017-10-30,0.027568866,8.1,1246.4,0.0,0.0661671835,0.00123474
2017-10-31,0.02626502,8.22,1246.28,0.0,0.064053475,0.001195296
2017-11-01,0.024998358,8.28,1246.22,0.11,0.0636773525,0.0011882775
2017-11-02,0.023768541,8.4,1246.1,0.01,0.06441812250000001,0.0012021005
2017-11-03,0.023768541,8.64,1245.86,0.02,0.063539247,0.0011857
2017-11-04,0.0231718895,8.77,1245.73,0.13,0.071894177,0.0013416105000000002
2017-11-05,0.021418106,8.88,1245.62,0.03,0.06435988000000001,0.001201014
2017-11-06,0.021418106,9.05,1245.45,0.0,0.061564778,0.0011488545
2017-11-07,0.020296794,9.26,1245.24,0.0,0.061016285,0.001138619
2017-11-08,0.020296794,9.4,1245.1,0.0,0.0604275555,0.001127633
2017-11-09,0.020296794,9.56,1244.94,0.0,0.057762769,0.0010779054999999998
2017-11-10,0.020296794,,,0.0,0.057183590500000006,0.0010670975
2017-11-11,0.019210959,,,0.0,0.0566093255,0.0010563815
2017-11-12,0.019210959,,,0.0,0.056038076,0.0010457215
2017-11-13,0.019210959,,,0.0,0.055465757500000004,0.0010350415000000002
2017-11-14,0.019210959,,,0.02,0.0548923375,0.0010243405
2017-11-15,0.019210959,,,0.03,0.055113494,0.0010284679999999998
2017-11-16,0.019210959,,,0.0,0.0542904155,0.0010131085
2017-11-17,0.018160244,,,0.06,0.053546975499999996,0.000999235
2017-11-18,0.018160244,,,0.0,0.052838642000000005,0.000986017
2017-11-19,0.018160244,,,0.0,0.052373760000000005,0.000977342
2017-11-20,0.018160244,,,0.0,0.051900026,0.0009685015
2017-11-21,0.017144286,,,0.0,0.051370647500000005,0.000958623
2017-11-22,0.018160244,,,0.0,0.050921109,0.000950234
2017-11-23,0.017144286,,,0.0,0.050480722,0.000942016
2017-11-24,0.020296794,,,0.01,0.050006115500000003,0.0009331595
2017-11-25,0.020296794,,,0.0,0.0495135395,0.0009239675
2017-11-26,0.020296794,,,0.0,0.049069085,0.000915674
2017-11-27,0.020296794,,,0.0,0.048578758,0.0009065235
2017-11-28,0.020296794,,,0.0,0.048048713,0.000896633
2017-11-29,0.020296794,,,0.0,0.0475867745,0.0008880125
2017-11-30,0.020296794,,,0.0,0.047163505,0.000880114
2017-12-01,0.020296794,,,0.0,0.0467695505,0.000872762
2017-12-02,0.019210959,,,0.0,0.046322444500000004,0.0008644185
2017-12-03,0.019210959,,,0.0,0.04538499,0.000846925
2017-12-04,0.019210959,,,0.06,0.045127766,0.000842125
2017-12-05,0.019210959,,,0.0,0.045558246,0.0008501585
2017-12-06,0.019210959,,,0.01,0.044821147000000006,0.0008364035000000001
2017-12-07,0.019210959,,,0.0,0.0445949685,0.0008321825000000001
2017-12-08,0.019210959,,,0.01,0.0443828745,0.0008282245
2017-12-09,0.018160244,,,0.0,0.0441844545,0.0008245220000000001
2017-12-10,0.018160244,,,0.0,0.043997145,0.000821027
2017-12-11,0.018160244,,,0.17,0.044087382499999994,0.0008227110000000001
2017-12-12,0.018160244,,,0.0,0.044133869000000006,0.0008235779999999999
2017-12-13,0.018160244,,,0.0,0.043713662,0.0008157365
2017-12-14,0.018160244,,,0.0,0.0435459635,0.0008126069999999999
2017-12-15,0.018160244,,,0.03,0.0421671425,0.0007868770000000001
2017-12-16,0.017144286,,,0.0,0.0419553955,0.0007829255
2017-12-17,0.017144286,,,0.0,0.041720638000000004,0.0007785450000000001
2017-12-18,0.017144286,,,0.0,0.0415444015,0.0007752564999999999
2017-12-19,0.017144286,,,0.0,0.041380703000000005,0.0007722015
2017-12-20,0.017144286,,,0.0,0.041120052500000004,0.0007673375
2017-12-21,0.017144286,,,0.11,0.040920267499999996,0.0007636095
2017-12-22,0.017144286,,,0.01,0.040719765000000005,0.0007598679999999999
2017-12-23,0.017144286,,,0.0,0.040518428,0.0007561105
2017-12-24,0.017144286,,,0.0,0.040316554500000004,0.0007523435
2017-12-25,0.017144286,,,0.0,0.040113633999999995,0.000748557
2017-12-26,0.017144286,,,0.0,0.03990962,0.0007447495
2017-12-27,0.017144286,,,0.0,0.039704591,0.000740924
2017-12-28,0.017144286,,,0.05,0.039498651,0.0007370804999999999
2017-12-29,0.017144286,,,0.06,0.039291915499999996,0.0007332225
2017-12-30,0.017144286,,,0.0,0.0390845155,0.0007293525
2017-12-31,0.017144286,,,0.0,0.0388765815,0.000725472
2018-01-01,0.017144286,,,0.0,0.038668244000000004,0.0007215845
2018-01-02,0.017144286,,,0.01,0.03845963,0.0007176915000000001
2018-01-03,0.017144286,,,0.0,0.0382508575,0.000713796
2018-01-04,0.017144286,,,0.0,0.038042036,0.000709899
2018-01-05,0.014301328,,,0.0,0.0378334965,0.000706007
2018-01-06,0.014301328,,,0.0,0.037625548499999995,0.000702127
2018-01-07,0.014301328,,,0.0,0.0374351815,0.0006985744999999999
2018-01-08,0.014301328,,,0.0,0.037265218,0.0006954025
2018-01-09,0.014301328,,,0.0,0.037109681500000005,0.0006925
2018-01-10,0.014301328,,,0.0,0.036873898,0.0006881005
2018-01-11,0.014301328,,,0.33,0.047920580500000004,0.0008942415
2018-01-12,0.014301328,,,0.0,0.0407803955,0.000760999
2018-01-13,0.014301328,,,0.0,0.0385179975,0.0007187809999999999
2018-01-14,0.014301328,,,0.12,0.0373636685,0.00069724
2018-01-15,0.014301328,,,0.02,0.036692981,0.0006847245
2018-01-16,0.014301328,,,0.01,0.036462225,0.0006804185000000001
2018-01-17,0.014301328,,,0.0,0.036233888500000005,0.0006761575
2018-01-18,0.014301328,14.72,1239.78,0.0,0.0361127335,0.0006738965
2018-01-19,0.014301328,14.75,1239.75,0.0,0.03832939,0.0007152615
2018-01-20,0.014301328,14.78,1239.72,0.0,0.0367961975,0.0006866505
2018-01-21,0.014301328,14.8,1239.7,0.0,0.036874685000000004,0.0006881155
2018-01-22,0.014301328,14.5,1240.0,0.91,0.31092308550000003,0.0058021065
2018-01-23,0.014301328,14.01,1240.49,0.0,0.085864598,0.0016023115
2018-01-24,0.013420734,14.34,1240.16,0.0,0.060281757,0.001124912
2018-01-25,0.013420734,14.58,1239.92,0.0,0.054932868999999995,0.001025097
2018-01-26,0.013420734,14.55,1239.95,0.0,0.0532385165,0.0009934789999999998
2018-01-27,0.015215202,13.56,1240.94,0.0,0.047728021,0.000890648
2018-01-28,0.015215202,13.1,1241.4,0.02,0.0474906515,0.0008862185
2018-01-29,0.014301328,13.43,1241.07,0.0,0.045839941999999995,0.000855415
2018-01-30,0.014301328,13.9,1240.6,0.0,0.045471556999999996,0.0008485405
2018-01-31,0.014301328,14.26,1240.24,0.0,0.0450954875,0.000841523
2018-02-01,0.014301328,14.45,1240.05,0.0,0.041833411,0.0007806495
2018-02-02,0.014301328,14.59,1239.91,0.0,0.041474573,0.000773953
2018-02-03,0.014301328,14.72,1239.78,0.07,0.040246131000000004,0.0007510295
2018-02-04,0.014301328,14.83,1239.67,0.01,0.039955603500000006,0.0007456075000000001
2018-02-05,0.014301328,14.89,1239.61,0.06,0.039685884000000005,0.0007405745
2018-02-06,0.014301328,14.94,1239.56,0.0,0.0394301395,0.000735802
2018-02-07,0.014301328,14.98,1239.52,0.01,0.038705316000000003,0.0007222765
2018-02-08,0.015215202,15.03,1239.47,0.08,0.038453357,0.0007175745000000001
2018-02-09,0.015215202,15.07,1239.43,0.03,0.0382086445,0.000713008
2018-02-10,0.015215202,15.11,1239.39,0.0,0.0369183775,0.0006889305
2018-02-11,0.015215202,15.15,1239.35,0.0,0.0366579665,0.0006840710000000001
2018-02-12,0.015215202,15.2,1239.3,0.0,0.036395565500000004,0.0006791745
2018-02-13,0.016162729,15.24,1239.26,0.0,0.03617182100000001,0.000674999
2018-02-14,0.016162729,15.26,1239.24,0.0,0.035999656000000005,0.000671786
2018-02-15,0.016162729,15.19,1239.31,0.0,0.036147787,0.0006745505000000001
2018-02-16,0.016162729,14.8,1239.7,0.0,0.034865396,0.00065062
2018-02-17,0.016162729,14.66,1239.84,0.08,0.034555336000000006,0.0006448339999999999
2018-02-18,0.016162729,15.04,1239.46,0.0,0.0344009125,0.000641952
2018-02-19,0.017144286,14.77,1239.73,0.09,0.03420954,0.0006383809999999999
2018-02-20,0.016162729,14.69,1239.81,0.12,0.033892398000000004,0.000632463
2018-02-21,0.015215202,15.02,1239.48,0.0,0.033735090499999995,0.0006295275
2018-02-22,0.015215202,15.11,1239.39,0.18,0.033483547,0.000624833
2018-02-23,0.015215202,15.16,1239.34,0.13,0.033284588500000004,0.0006211204999999999
2018-02-24,0.015215202,15.22,1239.28,0.22,0.0331457655,0.00061853
2018-02-25,0.015215202,15.3,1239.2,0.0,0.0346547885,0.00064669
2018-02-26,0.015215202,15.36,1239.14,0.0,0.033497116,0.0006250865
2018-02-27,0.016162729,14.94,1239.56,0.0,0.0551547575,0.001029238
2018-02-28,0.021418106,12.37,1242.13,0.0,0.040938542,0.0007639505
2018-03-01,0.02626502,8.89,1245.61,0.0,0.039092027,0.0007294924999999999
2018-03-02,0.030998109500000003,7.25,1247.25,0.0,0.036530295500000004,0.0006816884999999999
2018-03-03,0.031706795,6.08,1248.42,0.0,0.034354167500000005,0.00064108
2018-03-04,0.042723392,5.04,1249.46,0.02,0.033864741500000003,0.000631947
2018-03-05,0.037764229,4.77,1249.73,0.47,0.0335564825,0.0006261945
2018-03-06,0.030289424,5.17,1249.33,0.03,0.0329810515,0.000615456
2018-03-07,0.027568866,5.6,1248.9,0.0,0.032720303000000006,0.0006105905
2018-03-08,0.027568866,6.04,1248.46,0.0,0.0325023725,0.000606524
2018-03-09,0.02626502,6.49,1248.01,0.0,0.0323616985,0.000603899
2018-03-10,0.027568866,6.98,1247.52,0.0,0.033684131000000006,0.0006285765
2018-03-11,0.027568866,7.46,1247.04,0.02,0.034231892,0.0006387980000000001
2018-03-12,0.027568866,7.93,1246.57,0.0,0.0327464335,0.0006110779999999999
2018-03-13,0.027568866,8.37,1246.13,0.0,0.032958864500000004,0.000615042
2018-03-14,0.027568866,8.84,1245.66,0.0,0.031945888,0.0005961395
2018-03-15,0.031706795,9.12,1245.38,0.0,0.031498106,0.000587783
2018-03-16,0.033162641,8.96,1245.54,0.0,0.0312938495,0.0005839715
2018-03-17,0.031706795,8.84,1245.66,0.0,0.031107217,0.000580489
2018-03-18,0.054738706,7.3,1247.2,0.0,0.0308824245,0.000576294
2018-03-19,0.057757171,6.21,1248.29,0.0,0.030660964,0.0005721615
2018-03-20,0.048977056,5.95,1248.55,0.0,0.030433498,0.000567917
2018-03-21,0.042723392,6.15,1248.35,0.0,0.0302501885,0.0005644955000000001
2018-03-22,0.041030104,6.26,1248.24,0.0,0.0300623205,0.0005609905
2018-03-23,0.039377144,6.29,1248.21,0.0,0.029855358499999998,0.000557128
2018-03-24,0.037764229,6.56,1247.94,0.0,0.029644755000000002,0.000553198
2018-03-25,0.034657287,6.87,1247.63,0.0,0.029456219,0.0005496794999999999
2018-03-26,0.034657287,7.08,1247.42,0.33,0.0292737465,0.0005462745
2018-03-27,0.037764229,7.06,1247.44,0.0,0.046011107999999995,0.000858609
2018-03-28,0.037764229,7.19,1247.31,0.0,0.0354976615,0.0006624185
2018-03-29,0.037764229,7.29,1247.21,0.0,0.034309719,0.0006402504999999999
2018-03-30,0.036191046,7.59,1246.91,0.0,0.033108306500000004,0.000617831
2018-03-31,0.034657287,7.91,1246.59,0.04,0.0331030495,0.000617733
2018-04-01,0.034657287,8.25,1246.25,0.0,0.032136019,0.0005996875
2018-04-02,0.033162641,8.6,1245.9,0.0,0.031521713500000006,0.0005882235000000001
2018-04-03,0.033162641,8.96,1245.54,0.61,0.030696405,0.000572823
2018-04-04,0.033162641,9.34,1245.16,0.0,0.030549351000000002,0.0005700785000000001
2018-04-05,0.031706795,9.62,1244.88,0.01,0.030404548,0.0005673765
2018-04-06,0.031706795,9.78,1244.72,0.0,0.0403925255,0.0007537615
2018-04-07,0.033162641,10.06,1244.44,0.0,0.0352589765,0.0006579645
2018-04-08,0.033162641,10.31,1244.19,0.06,0.0348993265,0.0006512535
2018-04-09,0.031706795,10.53,1243.97,0.0,0.0333083895,0.0006215649999999999
2018-04-10,0.031706795,10.61,1243.89,0.0,0.0328003705,0.0006120845
2018-04-11,0.031706795,10.71,1243.79,0.03,0.0318017455,0.0005934495
2018-04-12,0.041030104,10.19,1244.31,0.0,0.031372888,0.0005854465
2018-04-13,0.051805273,9.11,1245.39,1.48,0.1349680205,0.002518626
2018-04-14,0.0527760205,6.42,1248.08,0.37,0.298110634,0.005563015
2018-04-15,0.049905855,5.76,1248.74,0.2,0.08202097250000001,0.001530586
2018-04-16,0.048048255,5.76,1248.74,0.0,0.0618598695,0.0011543615
2018-04-17,0.044457316,5.75,1248.75,0.0,0.0631284215,0.0011780335
2018-04-18,0.039377153,5.5,1249.0,0.42,0.054878926,0.0010240905
2018-04-19,0.037764229,5.53,1248.97,0.0,0.0578965305,0.0010804015
2018-04-20,0.039377153,4.94,1249.56,0.0,0.061206214499999995,0.0011421635
2018-04-21,0.093458642,3.96,1250.54,0.0,0.055354845,0.0010329714999999999
2018-04-22,0.153916524,2.96,1251.54,0.0,0.052327281,0.0009764744999999999
2018-04-23,0.126292148,2.59,1251.91,0.0,0.049185684,0.0009178495
2018-04-24,0.098996913,2.65,1251.85,0.0,0.048241457,0.0009002295
2018-04-25,0.08294261,2.78,1251.72,0.0,0.047443043000000004,0.00088533
2018-04-26,0.073160429,2.85,1251.65,0.0,0.045221792,0.0008438795
2018-04-27,0.06629541,2.92,1251.58,0.0,0.0443540305,0.000827686
2018-04-28,0.05775717,3.03,1251.47,0.0,0.043512087000000005,0.0008119749999999999
2018-04-29,0.053746769,3.07,1251.43,0.0,0.041217829,0.0007691625000000001
2018-04-30,0.0508555635,3.11,1251.39,0.0,0.038637389,0.000721009
2018-05-01,0.048048255,3.18,1251.32,0.59,0.03763201,0.0007022475
2018-05-02,0.044457316,2.49,1252.01,0.04,0.043450624,0.000810828
2018-05-03,0.049905855,2.68,1251.82,1.01,0.041847493,0.0007809119999999999
2018-05-04,0.136273516,1.97,1252.53,0.1,0.3037633325,0.0056684990000000005
2018-05-05,0.13970077,2.26,1252.24,0.0,0.0723332615,0.001349804
2018-05-06,0.1061924515,2.46,1252.04,0.0,0.0608890745,0.0011362454999999999
2018-05-07,0.088107866,2.58,1251.92,0.0,0.0511668945,0.0009548205000000001
2018-05-08,0.073160429,2.66,1251.84,0.16,0.0482846945,0.000901036
2018-05-09,0.06629541,2.55,1251.95,0.43,0.07938149950000001,0.0014813305
2018-05-10,0.05775717,2.66,1251.84,0.01,0.056275012,0.0010501425000000002
2018-05-11,0.100416949,1.91,1252.59,1.61,0.3537149005,0.006600641
2018-05-12,0.197288204,1.84,1252.66,0.12,0.2371869955,0.0044261245
2018-05-13,0.143178472,2.03,1252.47,0.0,0.1234108025,0.0023029575
2018-05-14,0.113675888,2.21,1252.29,0.22,0.096339806,0.001797788
2018-05-15,0.096204214,2.31,1252.19,0.0,0.0872353335,0.0016278905
2018-05-16,0.08294261,2.46,1252.04,0.0,0.0779514665,0.001454645
2018-05-17,0.075538073,2.55,1251.95,0.0,0.07262992800000001,0.00135534
2018-05-18,0.068539362,2.6,1251.9,0.0,0.0678607405,0.001266343
2018-05-19,0.064095487,2.65,1251.85,0.0,0.0657099665,0.0012262075
2018-05-20,0.055730641,2.7,1251.8,0.0,0.0626586455,0.0011692675
2018-05-21,0.051805272,2.72,1251.78,0.15,0.062877505,0.0011733515
2018-05-22,0.048048255,2.75,1251.75,0.0,0.0585087455,0.0010918265
2018-05-23,0.046232172,2.8,1251.7,0.02,0.057076614,0.0010651010000000002
2018-05-24,0.042723391,2.85,1251.65,0.0,0.055541545,0.0010364555
2018-05-25,0.039377153,2.88,1251.62,0.32,0.0536721675,0.0010015714999999999
2018-05-26,0.037764229,2.88,1251.62,0.0,0.054904657999999995,0.0010245705
2018-05-27,0.036191045,2.98,1251.52,0.0,0.0528707655,0.0009866164999999998
2018-05-28,0.034657286,3.06,1251.44,0.03,0.050068596,0.0009343255
2018-05-29,0.03316264,3.14,1251.36,0.23,0.046693657,0.0008713460000000001
2018-05-30,0.03316264,3.17,1251.33,0.15,0.0494056895,0.000921955
2018-05-31,0.031706794,3.26,1251.24,0.0,0.049801965000000004,0.00092935
2018-06-01,0.030289424,3.38,1251.12,0.0,0.0449236375,0.0008383155
2018-06-02,0.028910225,3.48,1251.02,0.0,0.043482177,0.0008114165
2018-06-03,0.027568866,3.59,1250.91,0.0,0.042387409,0.0007909875
2018-06-04,0.027568866,3.71,1250.79,0.0,0.040864184,0.0007625625
2018-06-05,0.02626502,3.83,1250.67,0.0,0.038616690499999995,0.0007206224999999999
2018-06-06,0.024998358,3.95,1250.55,0.03,0.036241380000000004,0.000676297
2018-06-07,0.023768541,4.07,1250.43,0.11,0.0353091925,0.0006589015
2018-06-08,0.023768541,4.1,1250.4,0.75,0.047187472499999994,0.000880561
2018-06-09,0.022575238,4.14,1250.36,0.75,0.0454316855,0.0008477965
2018-06-10,0.022575238,4.07,1250.43,0.04,0.1038499705,0.0019379345
2018-06-11,0.022575238,4.17,1250.33,0.01,0.062576332,0.0011677315
2018-06-12,0.022575238,4.31,1250.19,0.0,0.058061331,0.001083477
2018-06-13,0.021418106,4.46,1250.04,0.0,0.053927314000000004,0.0010063325000000001
2018-06-14,0.021418106,4.6,1249.9,0.0,0.0492849375,0.0009197015
2018-06-15,0.022575238,4.74,1249.76,0.0,0.044876635,0.0008374389999999999
2018-06-16,0.022575238,4.91,1249.59,0.03,0.042472876,0.000792582
2018-06-17,0.022575238,5.09,1249.41,0.75,0.039940144999999996,0.0007453195
2018-06-18,0.034657287,4.39,1250.11,0.72,0.335425871,0.006259351
2018-06-19,0.044457316,4.07,1250.43,0.05,0.11170256349999999,0.002084471
2018-06-20,0.059826635,3.19,1251.31,1.21,0.36101338650000003,0.006736837000000001
2018-06-21,0.088107867,2.52,1251.98,0.49,0.2418211005,0.004512601
2018-06-22,0.132896482,2.46,1252.04,0.0,0.134124001,0.0025028754999999996
2018-06-23,0.101836986,2.58,1251.92,0.01,0.10409436999999999,0.0019424955
2018-06-24,0.080428913,2.68,1251.82,0.0,0.095643496,0.0017847944999999999
2018-06-25,0.070827614,2.76,1251.74,0.01,0.0899964425,0.001679415
2018-06-26,0.070827614,2.21,1252.29,0.45,0.09484955049999999,0.0017699785
2018-06-27,0.237596254,2.09,1252.41,0.0,0.082716124,0.001543558
2018-06-28,0.161331592,2.35,1252.15,0.0,0.08042120850000001,0.0015007325
2018-06-29,0.12306437,2.5,1252.0,0.0,0.0756019755,0.0014108015
2018-06-30,0.101836986,2.49,1252.01,0.97,0.073077396,0.0013636905
2018-07-01,0.096204215,2.28,1252.22,0.24,0.07495855600000001,0.0013987945
2018-07-02,0.085502178,2.54,1251.96,0.0,0.072403567,0.0013511165
2018-07-03,0.080428913,2.64,1251.86,0.0,0.067118225,0.0012524864999999999
2018-07-04,0.07316043,2.65,1251.85,0.78,0.0632136935,0.0011796250000000001
2018-07-05,0.066295411,2.7,1251.8,0.01,0.0579686695,0.0010817475
2018-07-06,0.061939311,2.78,1251.72,0.0,0.055785238,0.001041003
2018-07-07,0.057757171,2.82,1251.68,0.0,0.0535539505,0.0009993655
2018-07-08,0.05374677,2.89,1251.61,0.0,0.049678873,0.000927053
2018-07-09,0.049905856,2.95,1251.55,0.0,0.04688027,0.0008748285
2018-07-10,0.046232173,3.02,1251.48,0.0,0.0452941865,0.000845231
2018-07-11,0.044457313,3.12,1251.38,0.0,0.043693615000000005,0.0008153625
2018-07-12,0.049905863,3.23,1251.27,0.04,0.040782659,0.0007610415
2018-07-13,0.048048263,3.07,1251.43,0.84,0.046600545,0.0008696085
2018-07-14,0.044457313,3.17,1251.33,0.0,0.0481981395,0.000899421
2018-07-15,0.041030101,3.35,1251.15,0.0,0.0450198805,0.0008401120000000001
2018-07-16,0.037764236,3.52,1250.98,0.0,0.044037829,0.0008217855
2018-07-17,0.036191043,,,0.0,0.042288245,0.0007891370000000001
2018-07-18,0.033162638,3.79,1250.71,0.0,0.040017110499999994,0.0007467554999999999
2018-07-19,0.031706792,3.89,1250.61,0.41,0.040395495000000003,0.0007538165
2018-07-20,0.03028943,4.0,1250.5,0.27,0.04716647,0.0008801690000000001
2018-07-21,0.02891023,4.15,1250.35,0.0,0.0458102585,0.0008548609999999999
2018-07-22,0.02891023,4.31,1250.19,0.0,0.0427493825,0.0007977419999999999
2018-07-23,0.027568863,4.49,1250.01,0.0,0.041116406999999994,0.0007672695000000001
2018-07-24,0.027568863,4.7,1249.8,0.0,0.0387404275,0.000722932
2018-07-25,0.026265018,4.93,1249.57,0.09,0.037576374,0.000701209
2018-07-26,0.026265018,5.19,1249.31,0.01,0.036701406500000006,0.0006848815
2018-07-27,0.026265018,5.49,1249.01,0.0,0.035981416,0.000671446
2018-07-28,0.024998355,5.8,1248.7,0.0,0.0351201705,0.000655374
2018-07-29,0.023768542,6.11,1248.39,0.19,0.034284291499999994,0.000639776
2018-07-30,0.021418104,6.39,1248.11,0.0,0.0344672905,0.0006431905
2018-07-31,0.020296795,6.68,1247.82,0.0,0.033626998,0.00062751
2018-08-01,0.01921096,6.96,1247.54,0.05,0.032819406999999995,0.00061244
2018-08-02,0.01921096,7.24,1247.26,0.0,0.0324395585,0.0006053515
2018-08-03,0.018160242,7.52,1246.98,0.0,0.031902955999999996,0.0005953384999999999
2018-08-04,0.01921096,7.82,1246.68,0.01,0.0310687615,0.0005797714999999999
2018-08-05,0.021418104,8.11,1246.39,0.14,0.032393143,0.0006044855
2018-08-06,0.01921096,8.38,1246.12,0.0,0.0322529485,0.0006018695000000001
2018-08-07,0.018160242,8.67,1245.83,0.21,0.031777846,0.0005930035000000001
2018-08-08,0.017144287,8.93,1245.57,0.0,0.033007743000000006,0.0006159545
2018-08-09,0.017144287,9.2,1245.3,0.01,0.032387057999999996,0.0006043719999999999
2018-08-10,0.01616273,9.44,1245.06,0.0,0.0318685625,0.000594696
2018-08-11,0.01616273,9.69,1244.81,0.0,0.03128161,0.0005837430000000001
2018-08-12,0.01616273,9.93,1244.57,0.0,0.030694868,0.000572794
2018-08-13,0.01616273,10.15,1244.35,0.0,0.0301418935,0.0005624755
2018-08-14,0.017144287,10.36,1244.14,0.0,0.0293805365,0.0005482675
2018-08-15,0.017144287,10.57,1243.93,0.41,0.0288427955,0.0005382329999999999
2018-08-16,0.018160242,10.72,1243.78,0.8,0.030585951,0.0005707615
2018-08-17,0.018160242,10.75,1243.75,0.0,0.0318864855,0.000595031
2018-08-18,0.01921096,10.92,1243.58,0.0,0.031511416,0.0005880315
2018-08-19,0.01921096,11.08,1243.42,0.0,0.0303036505,0.0005654935
2018-08-20,0.01921096,11.23,1243.27,0.01,0.029810735999999997,0.0005562955
2018-08-21,0.01921096,11.4,1243.1,0.0,0.0296706305,0.0005536810000000001
2018-08-22,0.01921096,11.58,1242.92,0.0,0.029328268999999997,0.000547292
2018-08-23,0.01921096,11.76,1242.74,0.0,0.0287492645,0.0005364874999999999
2018-08-24,0.020296795,11.93,1242.57,0.2,0.028363788,0.000529294
2018-08-25,0.020296795,12.1,1242.4,0.04,0.0289948175,0.00054107
2018-08-26,0.020296795,12.26,1242.24,0.07,0.028567133,0.0005330885
2018-08-27,0.020296795,12.27,1242.23,0.87,0.0283294855,0.0005286539999999999
2018-08-28,0.020296795,11.69,1242.81,0.36,0.028405348499999997,0.0005300694999999999
2018-08-29,0.020296795,11.71,1242.79,0.0,0.033262082,0.0006207005
2018-08-30,0.020296795,,,0.0,0.03283611,0.000612752
2018-08-31,0.020296795,12.23,1242.27,0.04,0.030495629,0.000569076
2018-09-01,0.020296795,12.22,1242.28,0.09,0.032524604,0.000606939
2018-09-02,0.020296795,12.26,1242.24,0.0,0.0316809905,0.000591196
2018-09-03,0.01921096,12.29,1242.21,0.19,0.032044542,0.0005979805
2018-09-04,0.021418104,12.37,1242.13,3.32,0.291192587,0.005433917999999999
2018-09-05,0.033162641,12.45,1242.05,0.21,0.3164014075,0.0059043375000000006
2018-09-06,0.02626502,12.51,1241.99,0.0,0.2023305445,0.0037756715
2018-09-07,0.023768541,12.58,1241.92,0.0,0.118311653,0.0022078025
2018-09-08,0.023768541,12.56,1241.94,0.0,0.0968062245,0.0018064919999999998
2018-09-09,0.022575238,12.61,1241.89,0.0,0.097211288,0.0018140505
2018-09-10,0.022575238,12.75,1241.75,0.0,0.0718968005,0.0013416595
2018-09-11,0.022575238,12.83,1241.67,0.0,0.064672337,0.0012068445
2018-09-12,0.021418106,12.91,1241.59,0.0,0.0639128745,0.0011926725
2018-09-13,0.021418106,13.03,1241.47,0.0,0.059762512500000003,0.0011152225
2018-09-14,0.023768541,13.05,1241.45,0.0,0.0588781975,0.0010987205
2018-09-15,0.022575238,12.55,1241.95,0.0,0.055387515,0.0010335815000000002
2018-09-16,0.022575238,10.67,1243.83,0.0,0.0543134755,0.0010135385
2018-09-17,0.022575238,9.58,1244.92,0.6,0.053375851,0.000996042
2018-09-18,0.042723392,9.36,1245.14,1.01,0.2313322525,0.0043168695
2018-09-19,0.068539364,9.18,1245.32,0.32,0.12961809400000002,0.002418791
2018-09-20,0.10619245299999999,9.01,1245.49,1.8,0.365830734,0.0068267334999999995
2018-09-21,0.205864098,7.52,1246.98,0.0,0.209004363,0.003900211
2018-09-22,0.12629213,6.91,1247.59,0.0,0.13652859750000002,0.0025477475
2018-09-23,0.098996914,6.68,1247.82,0.0,0.1092578655,0.002038851
2018-09-24,0.080428913,6.61,1247.89,0.0,0.10067431299999999,0.0018786739999999999
2018-09-25,0.068539364,6.62,1247.88,0.03,0.10013085299999999,0.0018685325
2018-09-26,0.061939311,6.65,1247.85,0.0,0.09527545800000001,0.0017779265000000002
2018-09-27,0.055730642,6.68,1247.82,0.01,0.08561821150000001,0.0015977135
2018-09-28,0.05374677,6.78,1247.72,0.0,0.08399893850000001,0.0015674965
2018-09-29,0.048048256,6.85,1247.65,0.0,0.08237238999999999,0.0015371435
2018-09-30,0.048048256,6.91,1247.59,0.0,0.0810138995,0.001511793
2018-10-01,0.046232173,6.95,1247.55,0.73,0.13087246349999998,0.002442199
2018-10-02,0.044457316,6.95,1247.55,0.0,0.1513744665,0.0028247845
2018-10-03,0.041030104,7.01,1247.49,0.04,0.11689367549999999,0.002181342
2018-10-04,0.037764229,7.17,1247.33,0.03,0.09640821,0.0017990645000000001
2018-10-05,0.037764229,7.23,1247.27,0.17,0.09470262700000001,0.001767237
2018-10-06,0.037764229,7.33,1247.17,0.0,0.0901130035,0.00168159
2018-10-07,0.037764229,7.44,1247.06,0.06,0.0893009115,0.0016664359999999999
2018-10-08,0.039377144,7.3,1247.2,1.11,0.22736387600000002,0.0042428165
2018-10-09,0.044457316,6.47,1248.03,0.8,0.4088958575,0.0076303675000000005
2018-10-10,0.21023316,4.35,1250.15,0.0,0.20635565649999998,0.0038507840000000003
2018-10-11,0.159464933,3.86,1250.64,0.0,0.15462058699999998,0.00288536
2018-10-12,0.12306437,3.66,1250.84,0.0,0.13850112250000002,0.0025845564999999997
2018-10-13,0.098996914,3.51,1250.99,0.0,0.12336932249999999,0.0023021835
2018-10-14,0.082942612,3.49,1251.01,0.37,0.141609059,0.0026425535000000003
2018-10-15,0.075538074,3.46,1251.04,0.0,0.12267265799999999,0.002289183
2018-10-16,0.06741738750000001,3.48,1251.02,0.0,0.12043953299999999,0.0022475109999999998
2018-10-17,0.064095488,3.61,1250.89,0.0,0.1178850345,0.002199842
2018-10-18,0.061939311,3.65,1250.85,0.0,0.11608637299999999,0.0021662770000000003
2018-10-19,0.055730642,3.65,1250.85,0.14,0.115240815,0.002150498
2018-10-20,0.051805273,3.77,1250.73,0.0,0.11393018799999999,0.0021260405
2018-10-21,0.049905856,3.84,1250.66,0.0,0.11238263600000001,0.0020971619999999996
2018-10-22,0.048048256,3.92,1250.58,0.0,0.10660816149999999,0.0019894049999999996
2018-10-23,0.046232173,4.04,1250.46,0.0,0.10479603800000001,0.0019555895000000004
2018-10-24,0.044457316,4.12,1250.38,0.0,0.1013294295,0.0018908990000000001
2018-10-25,0.042723392,4.18,1250.32,0.0,0.09770907,0.0018233400000000001
2018-10-26,0.042723392,4.23,1250.27,0.04,0.0962948655,0.0017969495000000001
2018-10-27,0.041030104,4.3,1250.2,0.1,0.092921303,0.0017339959999999998
2018-10-28,0.039377144,4.38,1250.12,0.04,0.0935898695,0.001746472
2018-10-29,0.039377144,4.47,1250.03,0.0,0.09146916199999999,0.0017068975
2018-10-30,0.039377144,4.56,1249.94,0.0,0.090407732,0.00168709
2018-10-31,0.037764229,4.69,1249.81,0.0,0.089470517,0.001669601
2018-11-01,0.037764229,4.82,1249.68,0.0,0.0885354745,0.0016521525
2018-11-02,0.036191046,4.97,1249.53,0.0,0.0876503795,0.0016356355
2018-11-03,0.036191046,5.14,1249.36,0.21,0.086904616,0.001621719
2018-11-04,0.036191046,5.06,1249.44,0.55,0.2783524935,0.00519431
2018-11-05,0.037764229,4.87,1249.63,0.23,0.1327152955,0.002476588
2018-11-06,0.041030104,4.61,1249.89,0.21,0.1388358165,0.002590802
2018-11-07,0.049905856,4.42,1250.08,0.0,0.1132842305,0.0021139864999999997
2018-11-08,0.061939311,4.32,1250.18,0.04,0.11324489900000001,0.0021132525
2018-11-09,0.066295411,4.26,1250.24,0.02,0.1063662165,0.00198489
2018-11-10,0.066295411,4.27,1250.23,0.0,0.10373676600000001,0.0019358225
2018-11-11,0.061939311,4.3,1250.2,0.0,0.098540217,0.0018388495
2018-11-12,0.057757171,4.37,1250.13,0.0,0.0974863045,0.001819183
2018-11-13,0.055730642,4.43,1250.07,0.0,0.096489333,0.0018005785
2018-11-14,0.05374677,4.5,1250.0,0.0,0.095548784,0.001783027
2018-11-15,0.05374677,4.54,1249.96,0.02,0.094700114,0.00176719
2018-11-16,0.048048256,4.66,1249.84,0.09,0.0943456535,0.0017605755
2018-11-17,0.046232173,4.79,1249.71,0.04,0.0929671825,0.001734852
2018-11-18,0.046232173,4.89,1249.61,0.0,0.0920832985,0.001718358
2018-11-19,0.044457316,5.03,1249.47,0.0,0.091204599,0.001701961
2018-11-20,0.042723392,5.18,1249.32,0.0,0.0876760905,0.0016361155
2018-11-21,0.042723392,5.36,1249.14,0.0,0.086516767,0.0016144814999999998
2018-11-22,0.034657287,5.51,1248.99,0.0,0.08580263099999999,0.001601155
2018-11-23,0.034657287,5.66,1248.84,0.11,0.08659795049999999,0.0016159965
2018-11-24,0.033162641,5.85,1248.65,0.0,0.0904749095,0.001688344
2018-11-25,0.031706795,6.06,1248.44,0.0,0.08467946600000001,0.0015801959999999999
2018-11-26,0.031706795,6.27,1248.23,0.0,0.083727631,0.0015624335
2018-11-27,0.031706795,6.46,1248.04,0.0,0.0827567975,0.0015443165
2018-11-28,0.031706795,6.64,1247.86,0.09,0.0817951755,0.0015263719999999998
2018-11-29,0.031706795,6.84,1247.66,0.0,0.0809664885,0.0015109085
2018-11-30,0.028910225,7.04,1247.46,0.0,0.080214537,0.001496876
2018-12-01,0.028910225,7.21,1247.29,0.77,0.07944082799999999,0.001482438
2018-12-02,0.028910225,7.42,1247.08,0.24,0.120021969,0.0022397185
2018-12-03,0.028910225,7.66,1246.84,0.0,0.095748999,0.001786763
2018-12-04,0.028910225,7.88,1246.62,0.0,0.0873253655,0.0016295705
2018-12-05,0.028910225,8.09,1246.41,0.0,0.084032813,0.0015681285
2018-12-06,0.027568866,8.32,1246.18,0.0,0.0813274485,0.0015176439999999999
2018-12-07,0.027568866,8.54,1245.96,0.0,0.080336445,0.0014991505
2018-12-08,0.027568866,8.77,1245.73,0.0,0.079381436,0.0014813295000000001
2018-12-09,0.034657287,9.0,1245.5,0.0,0.0750533855,0.001400564
2018-12-10,0.034657287,9.22,1245.28,0.0,0.074093087,0.001382644
2018-12-11,0.033162641,9.44,1245.06,0.0,0.073179596,0.0013655974999999998
2018-12-12,0.033162641,9.66,1244.84,0.0,0.072249603,0.0013482429999999998
2018-12-13,0.031706795,9.9,1244.6,0.0,0.0715307325,0.0013348284999999999
2018-12-14,0.030289424,10.11,1244.39,0.0,0.0708519715,0.0013221625000000002
2018-12-15,0.031706795,10.32,1244.18,0.0,0.0706503475,0.0013183995
2018-12-16,0.031706795,10.52,1243.98,0.0,0.0708070985,0.001321325
2018-12-17,0.030289424,10.7,1243.8,0.0,0.0693048785,0.0012932920000000001
2018-12-18,0.030289424,10.84,1243.66,0.0,0.0684660885,0.0012776390000000001
2018-12-19,0.031706795,10.93,1243.57,0.0,0.067951226,0.0012680315
2018-12-20,0.031706795,10.87,1243.63,0.05,0.06717054,0.0012534635
2018-12-21,0.031706795,10.88,1243.62,0.0,0.06546306,0.0012216005
2018-12-22,0.030289424,11.01,1243.49,0.0,0.064875828,0.0012106415
2018-12-23,0.030289424,11.24,1243.26,0.0,0.06397589849999999,0.0011938485000000001
2018-12-24,0.030289424,11.4,1243.1,0.0,0.0632400605,0.001180117
2018-12-25,0.028910225,11.53,1242.97,0.0,0.06263814749999999,0.0011688845
2018-12-26,0.028910225,11.67,1242.83,0.19,0.061992114,0.0011568289999999998
2018-12-27,0.0453447445,10.45,1244.05,0.82,0.32313865350000004,0.0060300605
2018-12-28,0.101836986,6.36,1248.14,0.02,0.111253862,0.002076098
2018-12-29,0.075538074,5.0,1249.5,0.01,0.098769302,0.0018431250000000001
2018-12-30,0.064095488,4.76,1249.74,0.0,0.0879035725,0.0016403605000000002
2018-12-31,0.059826635,4.81,1249.69,0.0,0.0879647885,0.0016415029999999999
2019-01-01,0.05374677,4.96,1249.54,0.0,0.0854944655,0.0015954045
2019-01-02,0.051805273,5.05,1249.45,0.0,0.08064979650000001,0.001504998
2019-01-03,0.048048256,5.2,1249.3,0.0,0.07730477799999999,0.001442577
2019-01-04,0.046232173,5.37,1249.13,0.0,0.073150684,0.0013650580000000002
2019-01-05,0.044457316,5.53,1248.97,0.0,0.07039255750000001,0.001313589
2019-01-06,0.043590354,5.53,1248.97,0.02,0.069470798,0.0012963885
2019-01-07,0.064095488,5.17,1249.33,0.01,0.0693402175,0.001293951
2019-01-08,0.048048256,4.72,1249.78,0.01,0.067313245,0.001256126
2019-01-09,0.042723392,4.89,1249.61,0.0,0.066474677,0.0012404780000000002
2019-01-10,0.041030104,5.05,1249.45,0.0,0.065707405,0.00122616
2019-01-11,0.039377144,5.25,1249.25,0.0,0.064957817,0.001212172
2019-01-12,0.037764229,5.48,1249.02,0.0,0.064226797,0.0011985305
2019-01-13,0.036191046,5.7,1248.8,0.0,0.063512798,0.0011852065
2019-01-14,0.036191046,5.91,1248.59,0.0,0.0628140335,0.001172167
2019-01-15,0.034657287,6.13,1248.37,0.0,0.0621317555,0.001159435
2019-01-16,0.033162641,6.4,1248.1,0.0,0.061465552,0.0011470030000000002
2019-01-17,0.033162641,6.62,1247.88,0.05,0.0608128665,0.0011348234999999998
2019-01-18,0.031706795,6.86,1247.64,0.55,0.060172936499999996,0.0011228815
2019-01-19,0.031706795,7.09,1247.41,0.02,0.059545731,0.0011111775
2019-01-20,0.031706795,7.32,1247.18,0.0,0.0589331685,0.0010997465000000001
2019-01-21,0.031706795,7.54,1246.96,0.0,0.058333132999999995,0.0010885489999999999
2019-01-22,0.030289424,7.76,1246.74,0.1,0.0577449305,0.0010775725
2019-01-23,0.030289424,8.0,1246.5,0.0,0.057168080499999996,0.001066808
2019-01-24,0.028910225,8.25,1246.25,0.0,0.056602157,0.001056248
2019-01-25,0.028910225,8.49,1246.01,0.0,0.0560467415,0.001045883
2019-01-26,0.028910225,8.74,1245.76,0.04,0.055501451,0.0010357069999999999
2019-01-27,0.028910225,9.0,1245.5,0.29,0.054965915000000004,0.0010257134999999999
2019-01-28,0.02626502,9.26,1245.24,0.13,0.054439771,0.0010158955
2019-01-29,0.02626502,9.55,1244.95,0.0,0.0539226785,0.001006246
2019-01-30,0.024998358,9.82,1244.68,0.0,0.053414330499999996,0.00099676
2019-01-31,0.024998358,10.09,1244.41,0.01,0.052914434999999996,0.0009874315000000002
2019-02-01,0.024998358,10.34,1244.16,0.0,0.052422709,0.0009782555
2019-02-02,0.024998358,10.58,1243.92,0.0,0.11292906550000001,0.0021073585
2019-02-03,0.034657287,10.24,1244.26,0.01,0.132463094,0.0024718815
2019-02-04,0.055730642,6.09,1248.41,0.05,0.078648794,0.001467658
2019-02-05,0.0354241665,4.9,1249.6,0.25,0.068878951,0.0012853435
2019-02-06,0.030289424,5.32,1249.18,0.13,0.065662326,0.0012253185000000002
2019-02-07,0.027568866,5.78,1248.72,0.22,0.061351771,0.00114488
2019-02-08,0.02626502,6.29,1248.21,0.0,0.0596615375,0.0011133385
2019-02-09,0.024998358,6.71,1247.79,0.0,0.057072874,0.0010650314999999999
2019-02-10,0.023768541,7.08,1247.42,0.14,0.0559270675,0.0010436500000000001
2019-02-11,0.023768541,7.48,1247.02,0.1,0.0546873125,0.001020515
2019-02-12,0.023768541,7.88,1246.62,0.31,0.0541173435,0.0010098785
2019-02-13,0.022575238,8.32,1246.18,0.0,0.053576296999999995,0.0009997825
2019-02-14,0.022575238,8.76,1245.74,0.0,0.0519394255,0.0009692365
2019-02-15,0.021418106,9.25,1245.25,0.0,0.0514501285,0.0009601060000000001
2019-02-16,0.021418106,9.71,1244.79,0.0,0.050975043,0.0009512405
2019-02-17,0.022575238,10.15,1244.35,0.18,0.050511339,0.0009425875
2019-02-18,0.022575238,10.58,1243.92,0.0,0.050057216,0.0009341130000000001
2019-02-19,0.021418106,10.94,1243.56,0.0,0.0496118425,0.000925802
2019-02-20,0.020296794,11.25,1243.25,0.44,0.0491746195,0.000917643
2019-02-21,0.020296794,11.53,1242.97,0.0,0.0487445945,0.0009096185
2019-02-22,0.020296794,11.78,1242.72,0.0,0.048444143499999995,0.000904012
2019-02-23,0.020296794,12.02,1242.48,0.89,0.0519254945,0.000968977
2019-02-24,0.020296794,12.26,1242.24,0.23,0.049017762500000006,0.000914716
2019-02-25,0.019210959,12.48,1242.02,0.0,0.047971101,0.0008951845
2019-02-26,0.019210959,12.66,1241.84,0.01,0.047440404000000005,0.000885281
2019-02-27,0.019210959,12.81,1241.69,0.01,0.047029241,0.000877608
2019-02-28,0.018160244,12.94,1241.56,0.0,0.046624338,0.0008700520000000001
2019-03-01,0.017144286,13.07,1241.43,0.16,0.046226904,0.000862636
2019-03-02,0.017144286,13.2,1241.3,0.0,0.045836536,0.0008553515
2019-03-03,0.017144286,13.32,1241.18,0.0,0.045452676,0.0008481879999999999
2019-03-04,0.017144286,13.44,1241.06,0.0,0.0450748165,0.000841137
2019-03-05,0.016162729,13.54,1240.96,0.0,0.044702543,0.0008341900000000001
2019-03-06,0.016162729,13.64,1240.86,0.0,0.0443355235,0.000827341
2019-03-07,0.016162729,13.74,1240.76,0.0,0.0439735025,0.0008205854999999999
2019-03-08,0.016162729,13.81,1240.69,0.0,0.043764558,0.0008166865
2019-03-09,0.016162729,13.78,1240.72,0.37,0.1031856025,0.001925537
2019-03-10,0.015215202,13.49,1241.01,0.01,0.097614335,0.001821572
2019-03-11,0.015215202,13.62,1240.88,0.0,0.0736394035,0.001374178
2019-03-12,0.015215202,13.49,1241.01,0.67,0.07225221849999999,0.001348292
2019-03-13,0.042723392,8.71,1245.79,0.07,0.3219218875,0.0060073545
2019-03-14,0.180779464,2.66,1251.84,0.18,0.19753984149999998,0.0036862724999999997
2019-03-15,0.12306437,1.44,1253.06,0.0,0.116620103,0.002176237
2019-03-16,0.07796081,1.83,1252.67,0.0,0.1042743545,0.001945854
2019-03-17,0.055730642,2.36,1252.14,0.0,0.0990425145,0.001848223
2019-03-18,0.048048256,2.75,1251.75,0.0,0.0906876315,0.0016923135000000001
2019-03-19,0.057757171,2.42,1252.08,0.0,0.0902441145,0.001684037
2019-03-20,0.090759933,2.26,1252.24,0.0,0.08648475550000001,0.0016138839999999999
2019-03-21,0.101836986,2.35,1252.15,0.0,0.085649276,0.0015982930000000002
2019-03-22,0.1379871445,2.37,1252.13,0.0,0.08471959849999999,0.0015809445
2019-03-23,0.136273517,2.57,1251.93,0.0,0.08370450400000001,0.001562002
2019-03-24,0.12629213,2.65,1251.85,0.01,0.079364294,0.0014810094999999999
2019-03-25,0.107660229,2.79,1251.71,0.0,0.075172355,0.001402784
2019-03-26,0.096204215,2.88,1251.62,0.0,0.0719673215,0.0013429755
2019-03-27,0.0976005645,2.71,1251.79,0.0,0.070979776,0.001324547
2019-03-28,0.088107867,2.73,1251.77,0.0,0.06765817399999999,0.001262563
2019-03-29,0.066295411,2.97,1251.53,0.0,0.066614989,0.0012430965000000001
2019-03-30,0.057757171,3.14,1251.36,0.0,0.063088538,0.0011772890000000002
2019-03-31,0.049905856,3.25,1251.25,0.0,0.0623659265,0.0011638045
2019-04-01,0.046232173,3.26,1251.24,0.0,0.059588120999999994,0.0011119685
2019-04-02,0.044457316,3.24,1251.26,0.1,0.0591241245,0.0011033100000000001
2019-04-03,0.042723392,3.28,1251.22,0.0,0.05827749,0.001087511
2019-04-04,0.041030104,3.37,1251.13,0.07,0.057612217,0.0010750965
2019-04-05,0.039377144,3.41,1251.09,0.0,0.057127904,0.0010660585
2019-04-06,0.039377144,3.34,1251.16,0.12,0.069247096,0.0012922135000000001
2019-04-07,0.039377144,3.31,1251.19,0.21,0.08305815650000001,0.0015499405
2019-04-08,0.039377144,3.36,1251.14,0.0,0.0708665825,0.0013224349999999998
2019-04-09,0.037764229,3.5,1251.0,0.0,0.058021986,0.001082743
2019-04-10,0.036191046,,,0.51,0.056200701500000005,0.001048756
2019-04-11,0.036191046,,,0.58,0.05578242,0.0010409504999999999
2019-04-12,0.033162641,3.68,1250.82,0.01,0.0826604215,0.0015425185
2019-04-13,0.033162641,3.67,1250.83,0.01,0.07218643450000001,0.001347064
2019-04-14,0.034657287,3.24,1251.26,0.0,0.07934863449999999,0.0014807175
2019-04-15,0.07316043,3.08,1251.42,0.0,0.06790198350000001,0.0012671125
2019-04-16,0.090759933,3.14,1251.36,0.03,0.0605507025,0.0011299309999999998
2019-04-17,0.082942612,2.94,1251.56,1.12,0.0576049015,0.00107496
2019-04-18,0.143178473,2.79,1251.71,0.02,0.247551881,0.0046195425000000005
2019-04-19,0.139700772,2.94,1251.56,0.0,0.110825929,0.0020681125
2019-04-20,0.116756494,3.0,1251.5,0.0,0.096752901,0.001805497
2019-04-21,0.096204215,3.08,1251.42,0.0,0.084089851,0.001569193
2019-04-22,0.085502178,3.13,1251.37,0.19,0.0806445395,0.0015049005
2019-04-23,0.075538074,3.17,1251.33,0.0,0.0774125295,0.0014445880000000001
2019-04-24,0.070827614,3.21,1251.29,0.0,0.068031009,0.0012695205
2019-04-25,0.064095488,3.21,1251.29,0.35,0.09294283249999999,0.0017343975
2019-04-26,0.059826635,3.27,1251.23,0.0,0.078555553,0.001465918
2019-04-27,0.057757171,3.29,1251.21,0.31,0.0935256225,0.0017452729999999999
2019-04-28,0.055730642,3.28,1251.22,0.0,0.081242693,0.0015160625
2019-04-29,0.051805273,3.32,1251.18,0.03,0.07078423049999999,0.0013208974999999999
2019-04-30,0.051805273,3.39,1251.11,0.27,0.093759387,0.0017496349999999998
2019-05-01,0.049905856,3.34,1251.16,0.1,0.0835179905,0.0015585215
2019-05-02,0.039377144,3.41,1251.09,0.0,0.070096625,0.0013080665
2019-05-03,0.039377144,3.5,1251.0,0.0,0.06695720150000001,0.0012494824999999998
2019-05-04,0.041030104,3.59,1250.91,0.04,0.06374856649999999,0.0011896065
2019-05-05,0.041030104,3.66,1250.84,0.0,0.0612950325,0.001143821
2019-05-06,0.039377144,3.77,1250.73,0.04,0.059807875999999996,0.001116069
2019-05-07,0.037764229,3.86,1250.64,0.0,0.058331622,0.001088521
2019-05-08,0.039377144,3.53,1250.97,1.21,0.3636999305,0.006786970999999999
2019-05-09,0.049905856,3.17,1251.33,0.03,0.1419942495,0.0026497415
2019-05-10,0.068539364,3.25,1251.25,0.0,0.096428471,0.001799443
2019-05-11,0.075538074,3.23,1251.27,0.0,0.08396867899999999,0.0015669314999999999
2019-05-12,0.07316043,3.26,1251.24,0.0,0.08076200650000001,0.001507092
2019-05-13,0.066295411,3.32,1251.18,0.0,0.07482037650000001,0.0013962165
2019-05-14,0.061939311,3.4,1251.1,0.0,0.06725015849999999,0.001254949
2019-05-15,0.057757171,3.48,1251.02,0.02,0.06411795149999999,0.001196499
2019-05-16,0.05374677,3.55,1250.95,0.01,0.059639888,0.0011129345
2019-05-17,0.049905856,3.65,1250.85,1.12,0.0566074,0.0010563455
2019-05-18,0.049905856,3.39,1251.11,0.6,0.055712480499999995,0.0010396455
2019-05-19,0.237596254,2.17,1252.33,1.9,0.389810482,0.0072742169999999995
2019-05-20,0.2644427885,2.47,1252.03,0.0,0.316018508,0.005897192
2019-05-21,0.16322414600000001,2.62,1251.88,0.48,0.170096889,0.0031741625
2019-05-22,0.131232949,2.55,1251.95,0.01,0.14678188450000001,0.0027390835000000004
2019-05-23,0.119885903,2.78,1251.72,0.0,0.132060194,0.002464363
2019-05-24,0.110643887,2.71,1251.79,0.46,0.146055276,0.002725524
2019-05-25,0.096204215,2.84,1251.66,0.0,0.1285099405,0.002398112
2019-05-26,0.085502178,2.95,1251.55,0.0,0.111951453,0.0020891155
2019-05-27,0.129569416,2.09,1252.41,3.33,0.438672611,0.008186029000000001
2019-05-28,0.5590629895,1.93,1252.57,0.01,0.471036137,0.008789962
2019-05-29,0.309298826,2.32,1252.18,0.06,0.477519725,0.008910951
2019-05-30,0.2124448685,2.57,1251.93,0.0,0.2627153365,0.004902506500000001
2019-05-31,0.1651167,2.74,1251.76,0.0,0.2055374495,0.0038355150000000003
2019-06-01,0.139700772,2.85,1251.65,0.0,0.18401692549999998,0.0034339225
2019-06-02,0.1214751365,2.95,1251.55,0.0,0.1680857225,0.0031366320000000003
2019-06-03,0.107660229,3.01,1251.49,0.0,0.15705530299999998,0.0029307945
2019-06-04,0.098996914,3.01,1251.49,0.61,0.147475874,0.0027520335
2019-06-05,0.093458627,3.02,1251.48,0.0,0.158719473,0.0029618495
2019-06-06,0.088107869,3.12,1251.38,0.0,0.1450383815,0.002706548
2019-06-07,0.082942613,3.18,1251.32,0.0,0.139808157,0.002608947
2019-06-08,0.077960811,3.23,1251.27,0.0,0.1223647005,0.002283436
2019-06-09,0.075538076,3.27,1251.23,0.01,0.1173829035,0.0021904710000000003
2019-06-10,0.073160431,3.31,1251.19,0.0,0.114051681,0.0021283079999999998
2019-06-11,0.070827616,3.34,1251.16,0.24,0.1053379305,0.0019657015
2019-06-12,0.068539365,3.33,1251.17,0.31,0.11668080650000001,0.0021773699999999997
2019-06-13,0.066295412,3.41,1251.09,0.0,0.10985639650000001,0.0020500199999999996
2019-06-14,0.064095476,3.44,1251.06,0.01,0.1019324275,0.0019021515
2019-06-15,0.061939312,3.35,1251.15,1.22,0.09662099,0.0018030350000000001
2019-06-16,0.073160431,3.21,1251.29,0.0,0.156939049,0.002928625
2019-06-17,0.080428914,3.33,1251.17,0.01,0.1262418655,0.002355788
2019-06-18,0.080428914,3.36,1251.14,0.0,0.121975463,0.002276173
2019-06-19,0.080428914,3.42,1251.08,0.0,0.112915026,0.002107097
2019-06-20,0.075538076,3.48,1251.02,0.07,0.10065457,0.0018783055
2019-06-21,0.073160431,3.55,1250.95,0.01,0.098759962,0.0018429499999999999
2019-06-22,0.070827616,3.62,1250.88,0.01,0.09559746350000001,0.0017839355000000001
2019-06-23,0.066295412,3.67,1250.83,0.29,0.0947100615,0.0017673755
2019-06-24,0.064095476,3.72,1250.78,0.35,0.1106913035,0.0020656005
2019-06-25,0.061939312,3.83,1250.67,0.0,0.116100711,0.0021665445
2019-06-26,0.059826636,3.94,1250.56,0.0,0.0894431175,0.0016690895
2019-06-27,0.059826636,3.94,1250.56,0.73,0.1163543525,0.002171278
2019-06-28,0.6752426920000001,2.11,1252.39,4.9,0.4960173655,0.009256134
2019-06-29,0.32329787249999997,2.67,1251.83,0.0,0.510375746,0.0095240745
2019-06-30,0.214656579,2.92,1251.58,0.31,0.5237442370000001,0.009773542999999999
2019-07-01,0.1828031335,2.83,1251.67,0.86,0.5346832865,0.009977675
2019-07-02,0.193080959,2.69,1251.81,0.0,0.374365599,0.0069860015
2019-07-03,0.180779466,2.92,1251.58,0.93,0.32683430150000004,0.0060990244999999995
2019-07-04,0.157598298,3.03,1251.47,0.0,0.32468868900000003,0.006058985500000001
2019-07-05,0.139700773,3.08,1251.42,1.01,0.28210226650000003,0.005264284
2019-07-06,0.343496916,2.24,1252.26,0.0,0.5441585515,0.010154492000000001
2019-07-07,0.242350118,2.73,1251.77,0.0,0.279102695,0.0052083095
2019-07-08,0.180779466,2.95,1251.55,0.0,0.2646575575,0.00493875
2019-07-09,0.146706851,3.06,1251.44,0.14,0.2498420935,0.0046622805
2019-07-10,0.123064371,3.17,1251.33,0.06,0.2311339355,0.004313169
2019-07-11,0.107660231,3.25,1251.25,0.0,0.225227155,0.004202943
2019-07-12,0.096204217,3.32,1251.18,0.0,0.2173108345,0.0040552175
2019-07-13,0.090759934,3.38,1251.12,0.0,0.204975407,0.003825027
2019-07-14,0.085502179,3.43,1251.07,0.0,0.192213633,0.003586881
2019-07-15,0.088107863,3.46,1251.04,1.45,0.17252222150000002,0.0032194215
2019-07-16,0.088107863,3.35,1251.15,0.17,0.37886968899999995,0.007070052
2019-07-17,0.085502174,3.45,1251.05,0.0,0.24151770500000003,0.0045069394999999995
2019-07-18,0.119885897,2.73,1251.77,1.5,0.5614391489999999,0.010476964
2019-07-19,1.170157337,1.47,1253.03,0.27,0.5032460105,0.009391027
2019-07-20,0.578854129,1.91,1252.59,0.88,0.582984732,0.010879024000000001
2019-07-21,0.466097951,2.26,1252.24,0.0,0.3090200195,0.005766594
2019-07-22,0.320462901,2.59,1251.91,0.0,0.266403642,0.004971334
2019-07-23,0.237596218,2.81,1251.69,0.0,0.256268462,0.004782202
2019-07-24,0.197288224,2.95,1251.55,0.0,0.24355040849999998,0.0045448715
2019-07-25,0.168953835,3.06,1251.44,0.0,0.212709709,0.003969356
2019-07-26,0.150286141,3.15,1251.35,0.0,0.2060206975,0.003844533
2019-07-27,0.136273512,3.24,1251.26,0.0,0.198963195,0.0037128335
2019-07-28,0.126292124,3.29,1251.21,0.11,0.1923312245,0.0035890755
2019-07-29,0.113675902,3.35,1251.15,0.0,0.1838901755,0.0034315574999999997
2019-07-30,0.107660242,3.41,1251.09,0.0,0.1706518185,0.0031845175
2019-07-31,0.101836981,3.46,1251.04,0.0,0.1624102945,0.003030723
2019-08-01,0.096204211,3.51,1250.99,0.0,0.1523468325,0.00284293
2019-08-02,0.090759945,3.55,1250.95,0.0,0.147133128,0.0027456375
2019-08-03,0.085502174,3.6,1250.9,0.0,0.13853128850000002,0.0025851195
2019-08-04,0.080428909,3.65,1250.85,0.0,0.13395965999999998,0.0024998085
2019-08-05,0.077960821,3.65,1250.85,0.55,0.1306352775,0.0024377725
2019-08-06,0.0743492555,3.66,1250.84,0.0,0.13755748150000002,0.0025669474999999997
2019-08-07,0.073160426,3.75,1250.75,0.0,0.1331739315,0.002485146
2019-08-08,0.06853936,3.85,1250.65,0.0,0.122930285,0.0022939905
2019-08-09,0.06853936,3.94,1250.56,0.0,0.11869848499999999,0.0022150215
2019-08-10,0.066295407,4.02,1250.48,0.08,0.1150627035,0.0021471744999999997
2019-08-11,0.064095484,4.08,1250.42,0.0,0.1128955755,0.0021067335
2019-08-12,0.06193932,4.15,1250.35,0.22,0.11112467549999999,0.0020736870000000003
2019-08-13,0.06193932,4.25,1250.25,0.02,0.1118433145,0.0020870975
2019-08-14,0.059826631,4.36,1250.14,0.0,0.1083201885,0.002021353
2019-08-15,0.059826631,4.47,1250.03,0.0,0.105715717,0.001972751
2019-08-16,0.057757167,4.6,1249.9,0.01,0.1030160855,0.0019223740000000001
2019-08-17,0.057757167,4.75,1249.75,0.0,0.09998574399999999,0.001865825
2019-08-18,0.057757167,4.91,1249.59,0.23,0.0993834965,0.001854586
2019-08-19,0.055730639,5.11,1249.39,0.0,0.0972195485,0.001814205
2019-08-20,0.055730639,5.33,1249.17,0.02,0.09428333450000001,0.0017594124999999999
2019-08-21,0.055730639,5.59,1248.91,0.0,0.09241673850000001,0.00172458
2019-08-22,0.055730639,5.89,1248.61,0.0,0.090539474,0.0016895485
2019-08-23,0.055730639,6.19,1248.31,0.0,0.0879454135,0.0016411415
2019-08-24,0.055730639,6.48,1248.02,0.0,0.08569521050000001,0.0015991504999999999
2019-08-25,0.055730639,6.75,1247.75,0.0,0.08353445749999999,0.0015588289999999999
2019-08-26,0.055730639,7.03,1247.47,0.39,0.0819693565,0.0015296225
2019-08-27,0.053746766,7.28,1247.22,0.0,0.08591971100000001,0.0016033395
2019-08-28,0.051805269,7.56,1246.94,0.0,0.08210159850000001,0.0015320905
2019-08-29,0.049905858,7.85,1246.65,0.0,0.0799584185,0.0014920965
2019-08-30,0.049905858,8.13,1246.37,0.0,0.07775525,0.0014509835
2019-08-31,0.048048258,8.4,1246.1,0.02,0.0756826685,0.0014123075
2019-09-01,0.048048258,8.66,1245.84,0.0,0.0742400605,0.001385387
2019-09-02,0.048048258,8.93,1245.57,1.69,0.0727399815,0.001357394
2019-09-03,0.048048258,9.1,1245.4,0.12,0.22954150699999998,0.0042834525
2019-09-04,0.048048258,9.34,1245.16,0.0,0.12025791599999999,0.0022441214999999997
2019-09-05,0.048048258,9.58,1244.92,0.0,0.11214192249999999,0.00209267
2019-09-06,0.049905858,9.83,1244.67,0.0,0.108877033,0.0020317445
2019-09-07,0.048048258,10.07,1244.43,0.0,0.103142074,0.0019247245
2019-09-08,0.048048258,10.3,1244.2,0.29,0.1058415995,0.0019751005
2019-09-09,0.042723389,10.51,1243.99,0.33,0.15813352,0.002950915
2019-09-10,0.042723389,10.67,1243.83,0.0,0.1161980215,0.0021683605
2019-09-11,0.044457313,10.32,1244.18,1.14,0.4315579835,0.0080532635
2019-09-12,0.047140217,9.38,1245.12,2.7,0.459506573,0.008574809499999999
2019-09-13,0.06193932,6.94,1247.56,0.0,0.4989494095,0.0093108485
2019-09-14,0.055730639,6.64,1247.86,0.06,0.39421367549999997,0.0073563845
2019-09-15,0.051805269,6.48,1248.02,0.0,0.27435100450000005,0.0051196385
2019-09-16,0.051805269,6.45,1248.05,0.0,0.2322311645,0.004333644
2019-09-17,0.049905858,6.5,1248.0,0.0,0.2115860175,0.003948386999999999
2019-09-18,0.049905858,6.59,1247.91,0.14,0.2092513145,0.0039048195
2019-09-19,0.057757167,6.17,1248.33,0.56,0.281233136,0.005248065499999999
2019-09-20,0.057757167,6.05,1248.45,0.0,0.207650533,0.0038749475
2019-09-21,0.057757167,6.11,1248.39,0.03,0.193897615,0.003618305
2019-09-22,0.055730639,6.18,1248.32,0.1,0.190714774,0.0035589105
2019-09-23,0.055730639,6.29,1248.21,0.0,0.183847749,0.0034307655000000003
2019-09-24,0.055730639,6.32,1248.18,0.77,0.1796296785,0.0033520525
2019-09-25,0.064095484,5.56,1248.94,0.0,0.281604643,0.005254998
2019-09-26,0.064095484,5.5,1249.0,0.04,0.18611639400000002,0.0034731005000000004
2019-09-27,0.06853936,5.49,1249.01,0.03,0.17280811000000001,0.003224756
2019-09-28,0.066295407,5.58,1248.92,0.05,0.1666269475,0.00310941
2019-09-29,0.066295407,5.6,1248.9,0.21,0.2000566895,0.0037332395
2019-09-30,0.066295407,5.62,1248.88,0.09,0.161300703,0.0030100175
2019-10-01,0.085502174,4.42,1250.08,1.48,0.515302079,0.009616004000000001
2019-10-02,0.254486318,3.02,1251.48,0.48,0.5171849079999999,0.0096511395
2019-10-03,0.210233179,2.91,1251.59,0.03,0.279197694,0.0052100825
2019-10-04,0.1910040845,3.05,1251.45,0.0,0.24116923699999998,0.0045004365
2019-10-05,0.237596218,2.54,1251.96,1.38,0.5768703545,0.010764923999999999
2019-10-06,0.35838298150000003,2.55,1251.95,0.0,0.35765620249999996,0.0066741890000000005
2019-10-07,0.228255043,2.8,1251.7,0.0,0.2619605235,0.004888421
2019-10-08,0.172843206,2.96,1251.54,0.0,0.244748559,0.00456723
2019-10-09,0.143178468,3.08,1251.42,0.04,0.2345616895,0.0043771339999999995
2019-10-10,0.126292124,3.12,1251.38,0.51,0.222104273,0.0041446669999999994
2019-10-11,0.113675902,3.11,1251.39,0.04,0.2657012655,0.0049582265
2019-10-12,0.101836981,3.19,1251.31,0.08,0.2107189615,0.003932207
2019-10-13,0.093458639,3.26,1251.24,0.0,0.207035411,0.0038634685
2019-10-14,0.088107863,3.32,1251.18,0.0,0.2031741905,0.0037914150000000002
2019-10-15,0.085502174,3.35,1251.15,0.0,0.19901248300000002,0.0037137535
2019-10-16,0.077960821,3.4,1251.1,0.0,0.1925539795,0.0035932315000000003
2019-10-17,0.073160426,3.41,1251.09,0.0,0.184660383,0.0034459305
2019-10-18,0.070827611,3.44,1251.06,0.0,0.18066473649999998,0.003371368
2019-10-19,0.06853936,3.48,1251.02,0.13,0.176838844,0.0032999735
2019-10-20,0.064095484,3.54,1250.96,0.0,0.16397131199999998,0.003059853
2019-10-21,0.085525235,3.0,1251.5,1.46,0.5451608775000001,0.0101731965
2019-10-22,0.150286141,2.94,1251.56,0.08,0.33399080800000003,0.006232571500000001
2019-10-23,0.146706844,3.07,1251.43,0.0,0.2416623945,0.004509639500000001
2019-10-24,0.129569431,3.16,1251.34,0.0,0.225652616,0.004210882500000001
2019-10-25,0.116756489,,,0.0,0.1937099685,0.0036148035
2019-10-26,0.104724672,2.78,1251.72,0.0,0.1802187275,0.0033630450000000003
2019-10-27,0.096204211,2.88,1251.62,0.0,0.16689132099999998,0.0031143435
2019-10-28,0.088107863,2.95,1251.55,0.0,0.16085368649999998,0.0030016755000000003
2019-10-29,0.082942607,3.0,1251.5,0.0,0.1573443215,0.002936188
2019-10-30,0.077960821,3.04,1251.46,0.0,0.153952925,0.0028729015000000004
2019-10-31,0.073160426,3.1,1251.4,0.0,0.15079782549999998,0.0028140244999999998
2019-11-01,0.06853936,3.18,1251.32,0.0,0.14781159100000002,0.002758298
2019-11-02,0.066295407,3.28,1251.22,0.0,0.1449273585,0.002704476
2019-11-03,0.064095484,3.36,1251.14,0.13,0.1423043245,0.0026555275
2019-11-04,0.06193932,3.46,1251.04,0.03,0.156990578,0.0029295865000000003
2019-11-05,0.057757167,3.58,1250.92,0.05,0.13980665250000002,0.0026089190000000003
2019-11-06,0.055730639,3.67,1250.83,0.33,0.1372911925,0.0025619785
2019-11-07,0.055730639,3.75,1250.75,0.0,0.134852157,0.0025164635
2019-11-08,0.053746766,3.81,1250.69,0.0,0.1324915925,0.0024724135000000003
2019-11-09,0.051805269,3.88,1250.62,0.0,0.1311397135,0.002447186
2019-11-10,0.049905858,3.99,1250.51,0.0,0.12829268049999998,0.002394058
2019-11-11,0.049905858,4.1,1250.4,0.0,0.1261425955,0.0023539355000000003
2019-11-12,0.048048258,4.21,1250.29,0.0,0.1240425365,0.002314746
2019-11-13,0.046232176,4.32,1250.18,0.03,0.122000543,0.0022766410000000003
2019-11-14,0.046232176,4.48,1250.02,0.0,0.1200150225,0.0022395895
2019-11-15,0.044457313,4.65,1249.85,0.0,0.118244213,0.0022065445
2019-11-16,0.044457313,4.82,1249.68,0.0,0.1165272705,0.0021745045
2019-11-17,0.044457313,5.01,1249.49,0.09,0.1170849365,0.0021849110000000003
2019-11-18,0.044457313,5.23,1249.27,0.0,0.11399395949999999,0.002127231
2019-11-19,0.042723389,5.46,1249.04,0.25,0.1560224415,0.0029115205
2019-11-20,0.042723389,5.69,1248.81,0.09,0.118670916,0.002214507
2019-11-21,0.048048258,5.18,1249.32,0.65,0.44253817149999997,0.008258164
2019-11-22,0.049905858,4.97,1249.53,0.0,0.17358898150000002,0.003239328
2019-11-23,0.057757167,4.9,1249.6,0.0,0.158208347,0.002952311
2019-11-24,0.064095484,4.92,1249.58,0.05,0.1416010385,0.002642404
2019-11-25,0.06853936,4.99,1249.51,0.0,0.1243942735,0.00232131
2019-11-26,0.06853936,5.08,1249.42,0.51,0.4584343435,0.008554800500000001
2019-11-27,0.066295407,5.18,1249.32,0.22,0.25600891000000003,0.0047773585
2019-11-28,0.066295407,5.3,1249.2,0.02,0.196290648,0.0036629615
2019-11-29,0.064095484,5.38,1249.12,0.26,0.17934102000000002,0.003346666
2019-11-30,0.06193932,5.39,1249.11,0.18,0.230184831,0.0042954575
2019-12-01,0.059826631,5.29,1249.21,0.07,0.173904554,0.0032452165
2019-12-02,0.057757167,5.35,1249.15,0.0,0.15918945,0.0029706195
2019-12-03,0.057757167,5.4,1249.1,0.0,0.148982023,0.0027801395
2019-12-04,0.057757167,5.48,1249.02,0.0,0.139744495,0.0026077590000000003
2019-12-05,0.059826631,5.52,1248.98,0.0,0.1319833535,0.002462929
2019-12-06,0.06193932,5.58,1248.92,0.0,0.128683994,0.00240136
2019-12-07,0.06193932,5.6,1248.9,0.0,0.1270379255,0.0023706430000000004
2019-12-08,0.06193932,5.64,1248.86,0.0,0.1251084485,0.002334637
2019-12-09,0.059826631,5.72,1248.78,0.1,0.1221942885,0.0022802565
2019-12-10,0.057757167,5.83,1248.67,0.0,0.1201722085,0.0022425225
2019-12-11,0.055730639,5.94,1248.56,0.0,0.11822073350000001,0.0022061065
2019-12-12,0.055730639,6.02,1248.48,0.13,0.1163298545,0.0021708205
2019-12-13,0.053746766,6.13,1248.37,0.01,0.1144934675,0.002136552
2019-12-14,0.051805269,6.26,1248.24,0.0,0.112707471,0.002103224
2019-12-15,0.051805269,6.4,1248.1,0.0,0.1109690535,0.0020707829999999997
2019-12-16,0.051805269,6.54,1247.96,0.0,0.10927629850000001,0.0020391945
2019-12-17,0.051805269,6.69,1247.81,0.0,0.107627896,0.0020084344999999997
2019-12-18,0.051805269,6.85,1247.65,0.0,0.1060216545,0.0019784605
2019-12-19,0.048048258,7.01,1247.49,0.0,0.10445662550000001,0.0019492555000000002
2019-12-20,0.048048258,7.18,1247.32,0.0,0.1034375585,0.0019302385
2019-12-21,0.048048258,7.37,1247.13,0.0,0.102137091,0.001905971
2019-12-22,0.046232176,7.56,1246.94,0.0,0.10049546100000001,0.0018753365
2019-12-23,0.044457313,7.75,1246.75,0.0,0.0987269215,0.001842334
2019-12-24,0.044457313,7.93,1246.57,0.0,0.097356091,0.001816753
2019-12-25,0.044457313,8.1,1246.4,0.03,0.0964408885,0.0017996745
2019-12-26,0.042723389,8.25,1246.25,0.0,0.0950700335,0.001774093
2019-12-27,0.042723389,8.4,1246.1,0.0,0.093779431,0.0017500089999999999
2019-12-28,0.042723389,8.55,1245.95,0.53,0.09303328,0.0017360855
2019-12-29,0.049905858,7.73,1246.77,0.18,0.214299938,0.0039990315
2019-12-30,0.073160426,6.65,1247.85,0.14,0.13834641050000002,0.0025816694999999997
2019-12-31,0.075538085,6.06,1248.44,0.0,0.12818361550000001,0.0023920225
2020-01-01,0.075538085,5.72,1248.78,0.0,0.11160286950000001,0.002082611
2020-01-02,0.073160426,5.59,1248.91,0.0,0.10272677250000001,0.001916975
2020-01-03,0.06853936,5.53,1248.97,0.01,0.0969855935,0.0018098390000000002
2020-01-04,0.066295407,5.53,1248.97,0.0,0.09527116399999999,0.0017778465
2020-01-05,0.064095484,5.57,1248.93,0.0,0.094518866,0.001763808
2020-01-06,0.06193932,5.69,1248.81,0.0,0.0930594805,0.0017365739999999998
2020-01-07,0.059826631,5.81,1248.69,0.02,0.09141342250000001,0.0017058575
2020-01-08,0.057757167,5.96,1248.54,0.0,0.09019106099999999,0.001683047
2020-01-09,0.057757167,6.08,1248.42,0.0,0.089349554,0.0016673435000000001
2020-01-10,0.053746766,6.27,1248.23,0.0,0.08783748499999999,0.001639127
2020-01-11,0.053746766,6.44,1248.06,0.0,0.086693309,0.0016177754999999999
2020-01-12,0.051805269,6.62,1247.88,0.09,0.085571872,0.0015968484999999998
2020-01-13,0.049905858,6.81,1247.69,0.14,0.0844734805,0.0015763514999999999
2020-01-14,0.048048258,7.0,1247.5,0.0,0.0833977505,0.001556278
2020-01-15,0.046232176,7.22,1247.28,0.03,0.0823444465,0.001536622
2020-01-16,0.046232176,7.46,1247.04,0.0,0.0801871585,0.001496365
2020-01-17,0.046232176,7.66,1246.84,0.28,0.0791936845,0.001477826
2020-01-18,0.044457313,7.88,1246.62,0.05,0.078221941,0.0014596925
2020-01-19,0.044457313,8.13,1246.37,0.0,0.077271505,0.0014419565
2020-01-20,0.044457313,8.35,1246.15,0.01,0.07634118749999999,0.001424596
2020-01-21,0.042723389,8.57,1245.93,0.0,0.07543016150000001,0.0014075955
2020-01-22,0.042723389,8.77,1245.73,0.24,0.074705534,0.001394073
2020-01-23,0.041030101,8.97,1245.53,0.02,0.0739831825,0.0013805929999999998
2020-01-24,0.041030101,9.17,1245.33,0.08,0.075172476,0.0014027865
2020-01-25,0.041030101,9.37,1245.13,0.0,0.07500204099999999,0.0013996065
2020-01-26,0.041030101,9.56,1244.94,0.0,0.0729241635,0.001360831
2020-01-27,0.041030101,9.76,1244.74,0.0,0.07136395300000001,0.001331716
2020-01-28,0.039377146,9.94,1244.56,0.0,0.070555955,0.0013166380000000002
2020-01-29,0.039377146,10.12,1244.38,0.02,0.0698511255,0.0013034855
2020-01-30,0.039377146,10.3,1244.2,0.0,0.068971226,0.001287066
2020-01-31,0.039377146,10.47,1244.03,0.02,0.068456616,0.0012774625
2020-02-01,0.039377146,10.63,1243.87,0.0,0.06876521499999999,0.0012832215
2020-02-02,0.039377146,10.75,1243.75,0.0,0.07179258499999999,0.001339715
2020-02-03,0.039377146,10.73,1243.77,0.0,0.0671966445,0.00125395
2020-02-04,0.039377146,10.84,1243.66,0.0,0.065720393,0.0012264020000000001
2020-02-05,0.039377146,10.97,1243.53,0.0,0.06500825299999999,0.001213113
2020-02-06,0.039377146,11.1,1243.4,0.0,0.0643083615,0.0012000525
2020-02-07,0.039377146,11.24,1243.26,0.0,0.0636223145,0.00118725
2020-02-08,0.037764231,11.39,1243.11,0.0,0.0629506965,0.0011747175000000002
2020-02-09,0.037764231,11.54,1242.96,0.74,0.0622920825,0.0011624265
2020-02-10,0.037764231,11.7,1242.8,0.0,0.0616460515,0.0011503709999999999
2020-02-11,0.037764231,11.85,1242.65,0.0,0.0610123165,0.001138545
2020-02-12,0.036191048,11.98,1242.52,0.05,0.0605964395,0.001130785
2020-02-13,0.036191048,12.11,1242.39,0.0,0.059799431,0.0011159115
2020-02-14,0.036191048,12.23,1242.27,0.0,0.0592009375,0.001104743
2020-02-15,0.036191048,12.33,1242.17,0.0,0.0587825595,0.0010969360000000002
2020-02-16,0.036191048,12.43,1242.07,0.0,0.0582761475,0.001087486
2020-02-17,0.036191048,12.52,1241.98,0.4,0.057775018,0.0010781340000000001
2020-02-18,0.037764231,12.62,1241.88,0.0,0.087956732,0.0016413525
2020-02-19,0.036191048,12.72,1241.78,0.0,0.076048961,0.0014191425
2020-02-20,0.036191048,12.81,1241.69,0.0,0.067268762,0.001255296
2020-02-21,0.036191048,12.9,1241.6,0.0,0.061388345,0.0011455620000000001
2020-02-22,0.036191048,12.97,1241.53,0.0,0.0611588235,0.001141279
2020-02-23,0.036191048,12.95,1241.55,0.0,0.0595665435,0.001111566
2020-02-24,0.036191048,12.72,1241.78,0.0,0.058036521,0.0010830145
2020-02-25,0.036191048,12.65,1241.85,0.0,0.0568868055,0.0010615594999999999
2020-02-26,0.036191048,12.79,1241.71,0.0,0.056217897,0.001049077
2020-02-27,0.034657284,12.94,1241.56,0.0,0.0556625455,0.0010387134999999999
2020-02-28,0.034657284,13.06,1241.44,0.01,0.055118679000000004,0.0010285645
2020-02-29,0.034657284,13.16,1241.34,0.0,0.054585892999999996,0.0010186219999999998
2020-03-01,0.036191048,12.98,1241.52,0.0,0.0541604595,0.001010683
2020-03-02,0.037764231,12.09,1242.41,0.0,0.0535435255,0.000999171
2020-03-03,0.041030101,11.56,1242.94,0.0,0.0530339225,0.000989661
2020-03-04,0.051805269,10.35,1244.15,0.0,0.0525222655,0.000980113
2020-03-05,0.070827611,9.19,1245.31,0.03,0.0522832085,0.000975652
2020-03-06,0.082942607,7.87,1246.63,0.0,0.0517250105,0.0009652355
2020-03-07,0.085502174,6.42,1248.08,0.0,0.051217399,0.000955763
2020-03-08,0.223667323,2.38,1252.12,0.0,0.050621195,0.0009446375000000001
2020-03-09,0.219134575,2.19,1252.31,0.0,0.049976912,0.0009326145
2020-03-10,0.136273512,2.64,1251.86,0.26,0.04953208,0.0009243135
2020-03-11,0.119885897,2.61,1251.89,0.01,0.075184608,0.0014030125
2020-03-12,0.129569431,2.54,1251.96,0.07,0.0660167465,0.001231932
2020-03-13,0.116756489,2.72,1251.78,0.0,0.0596631355,0.0011133685000000002
2020-03-14,0.101836981,2.9,1251.6,0.0,0.054638308499999996,0.0010196005
2020-03-15,0.093458639,3.01,1251.49,0.0,0.0526648915,0.000982775
2020-03-16,0.085502174,3.08,1251.42,0.01,0.050429211,0.0009410544999999999
2020-03-17,0.080428909,3.22,1251.28,0.0,0.0498849485,0.0009308985
2020-03-18,0.077960821,3.29,1251.21,0.0,0.0486966245,0.0009087234999999999
2020-03-19,0.075538085,3.13,1251.37,0.68,0.264126189,0.0049288345
2020-03-20,0.085502174,2.84,1251.66,0.06,0.1095382395,0.002044083
2020-03-21,0.093458639,2.94,1251.56,0.01,0.0805795245,0.001503687
2020-03-22,0.096204211,2.99,1251.51,0.01,0.070937606,0.00132376
2020-03-23,0.093458639,3.07,1251.43,0.03,0.068963829,0.0012869275
2020-03-24,0.090759945,3.12,1251.38,0.0,0.06467259950000001,0.0012068495
2020-03-25,0.090759945,3.07,1251.43,0.45,0.06435798300000001,0.0012009784999999999
2020-03-26,0.093458639,2.88,1251.62,0.0,0.08523605349999999,0.001590582
2020-03-27,0.101836981,2.92,1251.58,0.24,0.0744861965,0.00138998
2020-03-28,0.113675902,2.71,1251.79,0.47,0.136376482,0.0025449085
2020-03-29,0.132896476,2.54,1251.96,0.18,0.1597432035,0.002980953
2020-03-30,0.19518458700000002,2.61,1251.89,0.0,0.0995718615,0.001858101
2020-03-31,0.180779457,2.65,1251.85,0.0,0.087202869,0.001627285
2020-04-01,0.15759829,2.73,1251.77,0.0,0.0841569165,0.0015704445
2020-04-02,0.139700766,2.79,1251.71,0.01,0.0783390315,0.0014618775
2020-04-03,0.126292124,2.86,1251.64,0.25,0.07561142100000001,0.0014109775
2020-04-04,0.116756489,2.9,1251.6,0.0,0.07254434400000001,0.0013537430000000001
2020-04-05,0.1106439,2.93,1251.57,0.0,0.06985255100000001,0.001303512
2020-04-06,0.104724672,2.97,1251.53,0.0,0.0686648715,0.0012813485
2020-04-07,0.101836981,2.85,1251.65,0.15,0.07878186300000001,0.001470141
2020-04-08,0.096204211,2.95,1251.55,0.03,0.068295326,0.001274453
2020-04-09,0.093458639,3.06,1251.44,0.03,0.0651942385,0.0012165835
2020-04-10,0.088107863,3.14,1251.36,0.0,0.0630425245,0.0011764305
2020-04-11,0.088107863,3.2,1251.3,0.0,0.06027204,0.001124731
2020-04-12,0.085502174,3.29,1251.21,0.79,0.060400841499999997,0.0011271344999999999
2020-04-13,0.082942607,3.35,1251.15,0.0,0.058897872500000004,0.0010990879999999998
2020-04-14,0.080428909,3.33,1251.17,0.0,0.0582524225,0.001087043
2020-04-15,0.077960821,3.4,1251.1,0.0,0.057812352,0.001078831
2020-04-16,0.075538085,3.4,1251.1,0.0,0.0552201685,0.0010304585
2020-04-17,0.075538085,3.28,1251.22,0.0,0.057687760500000004,0.001076506
2020-04-18,0.085502174,3.04,1251.46,0.0,0.0544166565,0.001015464
2020-04-19,0.1106439,2.95,1251.55,0.0,0.053423583999999996,0.000996933
2020-04-20,0.119885897,3.05,1251.45,0.03,0.05256608,0.0009809304999999998
2020-04-21,0.116756489,3.21,1251.29,0.0,0.05178025,0.0009662665
2020-04-22,0.116756489,3.29,1251.21,0.0,0.050921821500000006,0.0009502474999999999
2020-04-23,0.113675902,3.4,1251.1,0.0,0.0494043405,0.0009219300000000001
2020-04-24,0.107660242,3.51,1250.99,0.08,0.04917996,0.0009177429999999999
2020-04-25,0.104724672,3.62,1250.88,0.0,0.047841262499999995,0.0008927615
2020-04-26,0.098996909,3.71,1250.79,0.0,0.0468204365,0.0008737115000000001
2020-04-27,0.096204211,3.78,1250.72,0.1,0.0465908915,0.0008694285
2020-04-28,0.093458639,3.85,1250.65,0.31,0.061178885,0.0011416535
2020-04-29,0.090759945,3.94,1250.56,0.04,0.0598073345,0.001116059
2020-04-30,0.090759945,4.04,1250.46,0.0,0.053748142,0.001002989
2020-05-01,0.088107863,4.13,1250.37,0.0,0.048198471,0.0008994275
2020-05-02,0.085502174,4.25,1250.25,0.0,0.0462875315,0.000863767
2020-05-03,0.082942607,4.37,1250.13,0.0,0.0442134015,0.0008250625000000001
2020-05-04,0.082942607,4.5,1250.0,0.0,0.0424538795,0.0007922275
2020-05-05,0.081685758,4.63,1249.87,0.0,0.0415560525,0.000775474
2020-05-06,0.080428909,4.78,1249.72,0.0,0.04091284,0.0007634709999999999
2020-05-07,0.080428909,4.94,1249.56,0.0,0.039916244000000004,0.0007448735
2020-05-08,0.077960821,5.13,1249.37,0.0,0.039005357000000004,0.0007278755
2020-05-09,0.077960821,5.31,1249.19,0.25,0.0384340915,0.000717215
2020-05-10,0.077960821,5.5,1249.0,0.24,0.048057485,0.0008967965
2020-05-11,0.075538085,5.7,1248.8,0.0,0.045101662,0.000841638
2020-05-12,0.075538085,5.91,1248.59,0.0,0.0426483545,0.0007958570000000001
2020-05-13,0.075538085,6.11,1248.39,0.07,0.041175727499999995,0.0007683765
2020-05-14,0.073160426,6.3,1248.2,0.05,0.0416331675,0.0007769125
2020-05-15,0.073160426,6.51,1247.99,0.0,0.04007903,0.000747911
2020-05-16,0.073160426,6.72,1247.78,0.26,0.038770591,0.0007234945
2020-05-17,0.096204211,5.9,1248.6,2.2,0.339133967,0.0063285475
2020-05-18,0.331861763,4.34,1250.16,0.04,0.351297384,0.006555528
2020-05-19,0.320462901,3.9,1250.6,0.0,0.1447855865,0.0027018305000000003
2020-05-20,0.272051754,3.75,1250.75,0.0,0.11931596050000001,0.0022265445
2020-05-21,0.23289794,3.68,1250.82,0.0,0.093092268,0.001737186
2020-05-22,0.2124448875,3.66,1250.84,0.0,0.08566014150000001,0.001598496
2020-05-23,0.19308095,3.64,1250.86,0.55,0.09142916949999999,0.0017061515
2020-05-24,0.176785,3.64,1250.86,0.03,0.085860292,0.001602231
2020-05-25,0.165116716,3.67,1250.83,0.98,0.2177673035,0.0040637355
2020-05-26,0.161331608,3.36,1251.14,0.13,0.200558483,0.0037426035
2020-05-27,0.252025411,2.91,1251.59,0.08,0.1063180815,0.0019839915
2020-05-28,0.272051754,2.87,1251.63,0.12,0.10459247399999999,0.0019517904999999999
2020-05-29,0.272051754,2.93,1251.57,0.0,0.090287325,0.0016848434999999998
2020-05-30,0.266960199,2.97,1251.53,0.0,0.0889038755,0.001659027
2020-05-31,0.252025411,3.01,1251.49,0.0,0.0837985035,0.001563756
2020-06-01,0.235247079,3.01,1251.49,0.06,0.0816936095,0.001524477
2020-06-02,0.219134575,3.07,1251.43,0.41,0.0789865105,0.00147396
2020-06-03,0.210233179,3.05,1251.45,0.0,0.0797627885,0.001488446
2020-06-04,0.201549201,3.17,1251.33,0.0,0.0719464475,0.001342586
2020-06-05,0.19308095,3.28,1251.22,0.07,0.069994863,0.0013061675000000002
2020-06-06,0.184826792,3.39,1251.11,0.11,0.06368931550000001,0.0011885005
2020-06-07,0.184826792,3.29,1251.21,0.0,0.062021581000000006,0.001157379
2020-06-08,0.180779457,3.43,1251.07,0.0,0.059531626500000004,0.0011109140000000002
2020-06-09,0.176785,2.99,1251.51,1.83,0.056502644000000005,0.0010543904999999998
2020-06-10,0.770995233,1.79,1252.71,0.03,0.1318361145,0.0024601815
2020-06-11,0.539661699,2.24,1252.26,0.0,0.0849735105,0.001585683
2020-06-12,0.4249877,2.48,1252.02,0.0,0.07462189550000001,0.0013925125
2020-06-13,0.349403609,2.6,1251.9,0.02,0.0689098015,0.0012859195000000001
2020-06-14,0.303804404,2.69,1251.81,0.0,0.06503674400000001,0.0012136445
2020-06-15,0.266960199,2.78,1251.72,0.0,0.060514321999999995,0.0011292519999999999
2020-06-16,0.247159781,2.84,1251.66,0.0,0.0555911135,0.0010373804999999998
2020-06-17,0.223667323,2.9,1251.6,0.0,0.0523029375,0.00097602
2020-06-18,0.210233179,2.95,1251.55,0.22,0.0484133105,0.0009034365
2020-06-19,0.201549201,2.96,1251.54,0.07,0.049696317500000003,0.000927378
2020-06-20,0.188927219,2.99,1251.51,0.46,0.0491959025,0.00091804
2020-06-21,0.180779457,3.04,1251.46,0.42,0.0559682475,0.001044418
2020-06-22,0.159464949,3.05,1251.45,0.0,0.0833498375,0.001555384
2020-06-23,0.150286141,3.13,1251.37,0.0,0.06522948549999999,0.0012172415
2020-06-24,0.143178468,3.2,1251.3,0.09,0.062263594,0.001161895
2020-06-25,0.136273512,3.28,1251.22,0.0,0.0574158805,0.0010714325
2020-06-26,0.129569431,3.35,1251.15,0.24,0.055748914999999996,0.001040325
2020-06-27,0.123064364,3.44,1251.06,0.0,0.0543386255,0.0010140079999999998
2020-06-28,0.119885897,3.57,1250.93,0.02,0.050446316500000005,0.000941374
2020-06-29,0.119885897,3.55,1250.95,0.6,0.056524501,0.0010547985
2020-06-30,0.116756489,3.64,1250.86,0.0,0.053523094,0.0009987895
2020-07-01,0.1106439,3.78,1250.72,0.0,0.048840536500000004,0.0009114085
2020-07-02,0.107660242,3.91,1250.59,0.0,0.046310684000000005,0.0008641995
2020-07-03,0.104724672,4.05,1250.45,0.0,0.044457712499999996,0.000829621
2020-07-04,0.101836981,4.18,1250.32,0.0,0.0431299975,0.000804845
2020-07-05,0.098996909,4.33,1250.17,0.0,0.041712754000000005,0.000778398
2020-07-06,0.098996909,4.49,1250.01,0.0,0.039688590499999996,0.000740625
2020-07-07,0.096204211,4.68,1249.82,0.02,0.037924247,0.0007077005000000001
2020-07-08,0.096204211,4.89,1249.61,0.0,0.037046977,0.0006913305
2020-07-09,0.096204211,5.12,1249.38,1.07,0.036857009499999996,0.000687785
2020-07-10,0.096204211,5.33,1249.17,0.0,0.05068523,0.0009458325
2020-07-11,0.093458639,5.57,1248.93,1.0,0.330480805,0.0061670715
2020-07-12,0.093458639,5.81,1248.69,0.0,0.09899279,0.0018472955
2020-07-13,0.090759945,6.07,1248.43,0.0,0.06574796599999999,0.0012269170000000001
2020-07-14,0.090759945,6.32,1248.18,0.57,0.0640072105,0.0011944325
2020-07-15,0.090759945,6.53,1247.97,0.0,0.077123242,0.0014391895000000002
2020-07-16,0.088107863,6.77,1247.73,0.0,0.0604999235,0.0011289835
2020-07-17,0.088107863,7.03,1247.47,0.0,0.055645331,0.001038392
2020-07-18,0.088107863,7.28,1247.22,0.49,0.0669254745,0.00124889
2020-07-19,0.088107863,7.54,1246.96,0.0,0.060252138999999996,0.0011243595
2020-07-20,0.088107863,7.81,1246.69,0.0,0.05524516,0.0010309249999999998
2020-07-21,0.085502174,8.06,1246.44,0.0,0.051858573500000005,0.000967728
2020-07-22,0.082942607,8.32,1246.18,0.0,0.0507492695,0.0009470275
2020-07-23,0.082942607,8.58,1245.92,0.0,0.047093387,0.000878805
2020-07-24,0.082942607,8.83,1245.67,0.0,0.043718887,0.0008158340000000001
2020-07-25,0.082942607,9.07,1245.43,0.0,0.042066622,0.000785001
2020-07-26,0.081685758,9.31,1245.19,0.56,0.0490619645,0.000915541
2020-07-27,0.080428909,9.52,1244.98,0.0,0.047105836,0.000879038
2020-07-28,0.080428909,9.73,1244.77,0.15,0.0462402445,0.0008628844999999999
2020-07-29,0.077960821,9.93,1244.57,0.0,0.043707383,0.0008156195
2020-07-30,0.077960821,10.12,1244.38,0.0,0.041074981499999996,0.0007664965
2020-07-31,0.077960821,10.32,1244.18,0.0,0.038641323500000005,0.0007210825
2020-08-01,0.075538085,10.5,1244.0,0.0,0.0375515175,0.0007007455
2020-08-02,0.075538085,10.68,1243.82,0.0,0.036615776,0.0006832835
2020-08-03,0.075538085,10.85,1243.65,0.0,0.035780854,0.000667703
2020-08-04,0.073160426,11.02,1243.48,0.0,0.034906057500000004,0.0006513784999999999
2020-08-05,0.073160426,11.17,1243.33,0.0,0.033632522,0.0006276135
2020-08-06,0.073160426,11.32,1243.18,0.0,0.032911233,0.0006141535
2020-08-07,0.073160426,11.48,1243.02,0.0,0.0321836865,0.000600577
2020-08-08,0.073160426,11.64,1242.86,0.03,0.031218955,0.000582574
2020-08-09,0.070827611,11.81,1242.69,0.03,0.030723953499999998,0.0005733369999999999
2020-08-10,0.073160426,11.97,1242.53,0.06,0.030389428,0.000567094
2020-08-11,0.073160426,12.12,1242.38,0.0,0.029808801000000003,0.0005562589999999999
2020-08-12,0.073160426,12.26,1242.24,0.09,0.028901522,0.0005393290000000001
2020-08-13,0.070827611,12.39,1242.11,0.0,0.028643148,0.000534507
2020-08-14,0.070827611,12.51,1241.99,0.87,0.027958333000000002,0.000521728
2020-08-15,0.070827611,12.58,1241.92,0.0,0.033212629,0.0006197775
2020-08-16,0.070827611,12.66,1241.84,0.0,0.03212508,0.0005994835
2020-08-17,0.070827611,12.76,1241.74,0.0,0.031220132499999997,0.000582596
2020-08-18,0.06853936,12.85,1241.65,0.0,0.0303592315,0.0005665305
2020-08-19,0.06853936,12.96,1241.54,0.0,0.029527892,0.000551017
2020-08-20,0.06853936,13.06,1241.44,0.0,0.028210287,0.0005264295000000001
2020-08-21,0.06853936,13.15,1241.35,0.06,0.027415789,0.0005116035
2020-08-22,0.06853936,13.21,1241.29,0.33,0.029039580000000002,0.0005419050000000001
2020-08-23,0.06853936,13.26,1241.24,0.0,0.028748410000000002,0.0005364715
2020-08-24,0.070827611,13.34,1241.16,0.0,0.028191814500000002,0.0005260845
2020-08-25,0.070827611,13.41,1241.09,0.0,0.027656016999999998,0.0005160865
2020-08-26,0.070827611,13.49,1241.01,0.0,0.0265782875,0.0004959750000000001
2020-08-27,0.070827611,13.56,1240.94,0.0,0.025632824,0.0004783315
